angle,Nasicon/C -1,Nasicon/P 1 21/n 1,Nasicon/P b n a,Nasicon/R -3 c H,ZrP2O7/P a -3,YPO4/I 41/a m d Z,Mg2P2O7/B 1 21/c 1 ,Mg2P2O7/P 1 21/c 1,P2O5/R 3 c H,P2O5/F d d 2,P2O5/P n a m,P2O5/R 3 c R,Y(PO3)3/R -3 H,Y(PO3)3/C 1 2/c 1,Y(PO3)3/P 1 21/m 1,Y(PO3)3/C 1 c 1
10.0,0.0,0.0,0.0,0.0,0.0,0.0,0.0,0.0,0.0,0.0,0.0,0.0,0.0,0.0,0.0,0.0
10.1,0.0,0.0,0.0,0.0,0.0,0.0,0.0,0.0,0.0,0.0,0.0,0.0,0.0,0.0,0.0,0.0
10.2,0.0,0.0,0.0,0.0,0.0,0.0,0.0,0.0,0.0,0.0,0.0,0.0,0.0,0.0,0.0,0.0
10.3,0.0,0.0,0.0,0.0,0.0,0.0,0.0,0.0,0.0,0.0,0.0,0.0,0.0,0.0,0.0,0.0
10.4,0.0,0.0,0.0,0.0,0.0,0.0,0.0,0.0,0.0,0.0,0.0,0.0,0.0,0.0,0.0,0.0
10.5,0.0,0.0,0.0,0.0,0.0,0.0,0.0,0.0,0.0,0.0,0.0,0.0,0.0,0.0,0.0,0.0
10.6,0.0,0.0,0.0,0.0,0.0,0.0,0.0,0.0,0.0,0.0,0.0,0.0,0.0,0.0,0.0,0.0
10.7,0.0,0.0,0.0,0.0,0.0,0.0,0.0,0.0,0.0,0.0,0.0,0.0,0.0,0.0,0.0,0.0
10.8,0.0,0.0,0.0,0.0,0.0,0.0,0.0,0.0,0.0,0.0,0.0,0.0,0.0,0.0,0.0,0.0
10.9,0.0,0.0,0.0,0.0,0.0,0.0,0.0,0.0,0.0,0.0,0.0,0.0,0.0,0.0,0.0,0.0
11.0,0.0,0.0,0.0,0.0,0.0,0.0,0.0,0.0,0.0,0.0,0.0,0.0,0.0,0.0,0.0,0.0
11.1,0.0,0.0,0.0,0.0,0.0,0.0,0.0,0.0,0.0,0.0,0.0,0.0,0.0,0.0,0.0,0.0
11.2,0.0,0.0,0.0,0.0,0.0,0.0,0.0,0.0,0.0,0.0,0.0,0.0,0.0,0.0,0.0,0.0
11.3,0.0,0.0,0.0,0.0,0.0,0.0,0.0,0.0,0.0,0.0,0.0,0.0,0.0,0.0,0.0,0.0
11.4,0.0,0.0,0.0,0.0,0.0,0.0,0.0,0.0,0.0,0.0,0.0,0.0,0.0,0.0,0.0,0.0
11.5,0.0,0.0,0.0,0.0,0.0,0.0,0.0,0.0,0.0,0.0,0.0,0.0,0.0,0.0,0.0,0.0
11.6,0.0,0.0,0.0,0.0,0.0,0.0,0.0,0.0,0.0,0.0,0.0,0.0,0.0,0.0,0.0,0.0
11.7,0.0,0.0,0.0,0.0,0.0,0.0,0.0,0.0,0.0,0.0,0.0,0.0,0.0,0.0,0.0,0.0
11.8,0.0,0.0,0.0,0.0,0.0,0.0,0.0,0.0,0.0,0.0,0.0,0.0,0.0,0.0,0.0,0.0
11.9,0.0,0.0,0.0,0.0,0.0,0.0,0.0,0.0,0.0,0.0,0.0,0.0,0.0,0.0,0.0,0.0
12.0,4.0,0.0,0.0,0.0,0.0,0.0,0.0,0.0,0.0,0.0,0.0,0.0,0.0,0.0,0.0,0.0
12.1,21.0,0.0,0.0,0.0,0.0,0.0,0.0,0.0,0.0,0.0,0.0,0.0,0.0,0.0,0.0,0.0
12.2,45.0,0.0,0.0,0.0,0.0,0.0,0.0,0.0,0.0,0.0,0.0,0.0,0.0,0.0,0.0,0.0
12.3,41.0,0.0,0.0,0.0,0.0,0.0,0.0,0.0,0.0,0.0,0.0,0.0,0.0,0.0,0.0,0.0
12.4,15.0,0.0,0.0,0.0,0.0,0.0,0.0,0.0,0.0,0.0,0.0,0.0,57.0,0.0,0.0,0.0
12.5,3.0,0.0,0.0,0.0,0.0,0.0,0.0,0.0,0.0,0.0,0.0,0.0,446.0,0.0,0.0,0.0
12.6,4.0,4.0,2.0,0.0,0.0,0.0,0.0,0.0,0.0,0.0,0.0,0.0,1472.0,0.0,0.0,0.0
12.7,15.0,14.0,8.0,0.0,0.0,0.0,0.0,0.0,0.0,0.0,0.0,0.0,2046.0,0.0,0.0,0.0
12.8,29.0,35.0,17.0,0.0,0.0,0.0,0.0,0.0,0.0,0.0,0.0,0.0,1199.0,0.0,0.0,0.0
12.9,30.0,57.0,15.0,0.0,0.0,0.0,0.0,0.0,0.0,0.0,0.0,0.0,296.0,0.0,6.0,0.0
13.0,16.0,54.0,6.0,0.0,0.0,0.0,0.0,0.0,0.0,0.0,0.0,0.0,31.0,0.0,52.0,0.0
13.1,4.0,24.0,1.0,0.0,0.0,0.0,0.0,0.0,0.0,0.0,0.0,0.0,0.0,0.0,202.0,0.0
13.2,0.0,5.0,0.0,0.0,0.0,0.0,0.0,0.0,0.0,0.0,0.0,0.0,0.0,0.0,332.0,0.0
13.3,0.0,0.0,0.0,0.0,0.0,0.0,0.0,0.0,0.0,0.0,0.0,0.0,0.0,0.0,230.0,0.0
13.4,0.0,0.0,0.0,0.0,0.0,0.0,0.0,0.0,0.0,0.0,0.0,0.0,0.0,0.0,67.0,0.0
13.5,0.0,0.0,0.0,0.0,0.0,0.0,0.0,0.0,0.0,0.0,0.0,0.0,0.0,0.0,8.0,0.0
13.6,0.0,0.0,0.0,0.0,0.0,0.0,0.0,0.0,0.0,0.0,0.0,0.0,0.0,0.0,0.0,0.0
13.7,0.0,0.0,0.0,0.0,0.0,0.0,0.0,0.0,0.0,0.0,0.0,0.0,0.0,0.0,0.0,0.0
13.8,0.0,0.0,0.0,0.0,0.0,0.0,0.0,0.0,0.0,0.0,0.0,0.0,0.0,0.0,0.0,0.0
13.9,0.0,0.0,0.0,0.0,0.0,0.0,0.0,0.0,0.0,0.0,0.0,0.0,0.0,0.0,0.0,0.0
14.0,0.0,0.0,0.0,0.0,0.0,0.0,0.0,0.0,0.0,0.0,0.0,0.0,0.0,0.0,0.0,0.0
14.1,11.0,0.0,0.0,0.0,0.0,0.0,1.0,0.0,0.0,0.0,0.0,0.0,0.0,0.0,0.0,0.0
14.2,169.0,0.0,0.0,0.0,0.0,0.0,12.0,4.0,0.0,0.0,0.0,0.0,0.0,0.0,0.0,4.0
14.3,1105.0,0.0,0.0,97.0,0.0,0.0,60.0,33.0,0.0,0.0,0.0,0.0,0.0,0.0,0.0,33.0
14.4,3276.0,1.0,0.0,849.0,0.0,0.0,127.0,112.0,0.0,0.0,0.0,0.0,0.0,0.0,0.0,112.0
14.5,4662.0,10.0,8.0,3098.0,0.0,0.0,112.0,158.0,0.0,0.0,0.0,0.0,0.0,0.0,0.0,158.0
14.6,3597.0,52.0,83.0,4712.0,0.0,0.0,42.0,93.0,0.0,0.0,0.0,0.0,0.0,0.0,0.0,93.0
14.7,1962.0,230.0,370.0,2988.0,0.0,0.0,6.0,23.0,0.0,0.0,0.0,0.0,0.0,0.0,0.0,23.0
14.8,860.0,583.0,684.0,790.0,0.0,0.0,0.0,2.0,0.0,0.0,0.0,0.0,9.0,0.0,0.0,2.0
14.9,223.0,659.0,526.0,87.0,0.0,0.0,0.0,0.0,0.0,0.0,0.0,0.0,105.0,0.0,0.0,0.0
15.0,27.0,313.0,168.0,0.0,0.0,0.0,0.0,0.0,0.0,0.0,0.0,0.0,549.0,0.0,0.0,0.0
15.1,0.0,62.0,22.0,0.0,0.0,0.0,0.0,0.0,0.0,0.0,0.0,0.0,1408.0,0.0,5.0,0.0
15.2,0.0,5.0,0.0,0.0,0.0,0.0,0.0,0.0,0.0,0.0,0.0,0.0,2565.0,0.0,26.0,0.0
15.3,0.0,0.0,0.0,0.0,0.0,0.0,0.0,0.0,0.0,0.0,0.0,0.0,3697.0,0.0,60.0,0.0
15.4,0.0,0.0,0.0,0.0,0.0,0.0,0.0,1.0,0.0,0.0,0.0,0.0,2912.0,0.0,59.0,1.0
15.5,0.0,0.0,0.0,0.0,0.0,0.0,2.0,4.0,0.0,0.0,0.0,0.0,1013.0,0.0,31.0,4.0
15.6,0.0,0.0,0.0,0.0,0.0,0.0,6.0,14.0,0.0,0.0,0.0,0.0,148.0,51.0,64.0,14.0
15.7,0.0,0.0,0.0,0.0,0.0,0.0,6.0,19.0,0.0,0.0,0.0,0.0,10.0,641.0,199.0,19.0
15.8,0.0,0.0,0.0,0.0,0.0,0.0,3.0,10.0,0.0,0.0,0.0,0.0,2.0,3314.0,277.0,10.0
15.9,0.0,0.0,0.0,0.0,0.0,0.0,1.0,2.0,0.0,0.0,97.0,0.0,4.0,7080.0,221.0,2.0
16.0,0.0,18.0,11.0,0.0,0.0,0.0,0.0,0.0,0.0,0.0,783.0,0.0,3.0,6257.0,511.0,0.0
16.1,0.0,194.0,155.0,0.0,0.0,0.0,0.0,0.0,0.0,0.0,2608.0,0.0,1.0,2290.0,1432.0,0.0
16.2,0.0,884.0,907.0,0.0,0.0,0.0,0.0,0.0,0.0,0.0,3590.0,0.0,0.0,399.0,1776.0,0.0
16.3,0.0,1834.0,2193.0,0.0,0.0,0.0,0.0,0.0,0.0,0.0,2041.0,0.0,0.0,360.0,912.0,0.0
16.4,0.0,1935.0,2187.0,0.0,0.0,0.0,0.0,0.0,0.0,0.0,479.0,0.0,0.0,877.0,194.0,0.0
16.5,0.0,1139.0,900.0,0.0,0.0,0.0,0.0,0.0,0.0,0.0,46.0,0.0,0.0,938.0,19.0,0.0
16.6,0.0,357.0,153.0,0.0,0.0,0.0,0.0,0.0,0.0,0.0,0.0,0.0,0.0,414.0,9.0,0.0
16.7,0.0,51.0,11.0,0.0,0.0,0.0,0.0,0.0,164.0,0.0,0.0,171.0,0.0,75.0,12.0,0.0
16.8,0.0,3.0,0.0,0.0,0.0,0.0,0.0,0.0,1632.0,0.0,0.0,1679.0,0.0,6.0,7.0,0.0
16.9,0.0,0.0,0.0,0.0,0.0,0.0,0.0,0.0,6683.0,0.0,0.0,6783.0,0.0,0.0,2.0,0.0
17.0,0.0,0.0,0.0,0.0,0.0,0.0,0.0,0.0,11248.0,0.0,0.0,11260.0,0.0,0.0,0.0,0.0
17.1,0.0,0.0,0.0,0.0,0.0,0.0,0.0,0.0,7781.0,0.0,0.0,7684.0,1.0,0.0,0.0,0.0
17.2,0.0,0.0,0.0,0.0,0.0,0.0,0.0,0.0,2213.0,0.0,0.0,2155.0,9.0,0.0,0.0,0.0
17.3,0.0,0.0,0.0,0.0,0.0,0.0,0.0,0.0,259.0,0.0,0.0,248.0,34.0,0.0,0.0,0.0
17.4,0.0,0.0,0.0,0.0,0.0,0.0,0.0,0.0,25.0,0.0,0.0,0.0,55.0,0.0,0.0,0.0
17.5,0.0,0.0,0.0,0.0,0.0,0.0,0.0,0.0,402.0,0.0,0.0,33.0,36.0,0.0,0.0,0.0
17.6,0.0,0.0,0.0,0.0,0.0,0.0,4.0,0.0,2668.0,0.0,0.0,499.0,10.0,0.0,0.0,0.0
17.7,0.0,2.0,0.0,0.0,0.0,0.0,40.0,8.0,7255.0,0.0,0.0,3069.0,1.0,0.0,0.0,8.0
17.8,0.0,13.0,0.0,0.0,0.0,0.0,156.0,59.0,8073.0,0.0,0.0,7717.0,10.0,0.0,2.0,59.0
17.9,0.0,40.0,0.0,0.0,0.0,0.0,249.0,177.0,3676.0,0.0,0.0,7938.0,81.0,0.0,5.0,177.0
18.0,0.0,51.0,0.0,0.0,0.0,0.0,163.0,243.0,685.0,0.0,0.0,3340.0,274.0,23.0,6.0,243.0
18.1,0.0,27.0,0.0,0.0,0.0,0.0,44.0,192.0,52.0,0.0,0.0,575.0,380.0,184.0,3.0,192.0
18.2,0.0,6.0,0.0,0.0,0.0,0.0,5.0,106.0,0.0,0.0,0.0,40.0,215.0,600.0,5.0,106.0
18.3,0.0,1.0,0.0,0.0,0.0,0.0,0.0,34.0,0.0,0.0,0.0,0.0,50.0,796.0,10.0,34.0
18.4,0.0,0.0,0.0,0.0,0.0,0.0,0.0,5.0,0.0,0.0,0.0,0.0,5.0,432.0,9.0,5.0
18.5,0.0,0.0,0.0,0.0,0.0,0.0,0.0,0.0,0.0,0.0,0.0,0.0,0.0,95.0,5.0,0.0
18.6,0.0,0.0,0.0,0.0,0.0,0.0,0.0,0.0,0.0,0.0,0.0,0.0,0.0,9.0,28.0,0.0
18.7,0.0,0.0,0.0,0.0,0.0,0.0,0.0,0.0,0.0,0.0,0.0,0.0,0.0,0.0,172.0,0.0
18.8,0.0,0.0,0.0,0.0,0.0,0.0,0.0,0.0,0.0,0.0,0.0,0.0,0.0,0.0,472.0,0.0
18.9,0.0,0.0,0.0,0.0,83.0,0.0,0.0,0.0,0.0,0.0,0.0,0.0,0.0,0.0,795.0,0.0
19.0,0.0,0.0,0.0,0.0,684.0,0.0,0.0,0.0,0.0,0.0,0.0,0.0,0.0,0.0,1724.0,0.0
19.1,0.0,0.0,0.0,0.0,2293.0,0.0,0.0,0.0,0.0,0.0,0.0,0.0,0.0,0.0,2888.0,0.0
19.2,0.0,0.0,0.0,0.0,3120.0,0.0,0.0,0.0,0.0,0.0,0.0,0.0,1.0,0.0,2169.0,0.0
19.3,0.0,0.0,0.0,0.0,1723.0,0.0,0.0,0.0,0.0,0.0,0.0,0.0,25.0,0.0,668.0,0.0
19.4,0.0,0.0,0.0,0.0,386.0,0.0,0.0,0.0,0.0,0.0,0.0,0.0,172.0,0.0,84.0,0.0
19.5,0.0,0.0,0.0,0.0,35.0,0.0,0.0,0.0,0.0,0.0,76.0,0.0,490.0,0.0,0.0,0.0
19.6,0.0,0.0,0.0,0.0,0.0,0.0,0.0,0.0,0.0,0.0,622.0,0.0,564.0,0.0,0.0,0.0
19.7,20.0,0.0,0.0,0.0,0.0,0.0,0.0,0.0,0.0,0.0,2049.0,0.0,379.0,0.0,0.0,0.0
19.8,418.0,0.0,0.0,0.0,0.0,20.0,0.0,0.0,0.0,0.0,2733.0,0.0,1455.0,0.0,0.0,0.0
19.9,2795.0,0.0,0.0,0.0,0.0,216.0,0.0,0.0,0.0,0.0,1474.0,0.0,6869.0,0.0,0.0,0.0
20.0,7719.0,0.0,0.0,84.0,0.0,935.0,0.0,0.0,0.0,0.0,322.0,0.0,13545.0,0.0,0.0,0.0
20.1,8786.0,59.0,49.0,1059.0,0.0,1634.0,0.0,0.0,0.0,0.0,28.0,0.0,10795.0,0.0,0.0,0.0
20.2,4115.0,569.0,521.0,5372.0,0.0,1153.0,0.0,0.0,0.0,0.0,0.0,0.0,3476.0,0.0,0.0,0.0
20.3,818.0,2356.0,2289.0,11102.0,0.0,328.0,0.0,0.0,0.0,0.0,0.0,0.0,452.0,0.0,1.0,0.0
20.4,334.0,4812.0,4915.0,10246.0,0.0,38.0,0.0,0.0,0.0,0.0,0.0,0.0,0.0,0.0,8.0,0.0
20.5,1130.0,7714.0,9413.0,7863.0,0.0,0.0,3.0,0.0,0.0,0.0,0.0,0.0,0.0,0.0,50.0,0.0
20.6,2140.0,11403.0,17351.0,8382.0,0.0,0.0,33.0,3.0,0.0,0.0,0.0,0.0,0.0,0.0,234.0,3.0
20.7,2767.0,12888.0,16537.0,5283.0,0.0,0.0,139.0,26.0,0.0,0.0,0.0,0.0,0.0,0.0,715.0,26.0
20.8,3648.0,10956.0,6590.0,1409.0,0.0,0.0,236.0,95.0,0.0,0.0,0.0,0.0,0.0,0.0,975.0,95.0
20.9,3757.0,5587.0,1067.0,151.0,0.0,0.0,161.0,141.0,0.0,0.0,0.0,0.0,0.0,0.0,545.0,141.0
21.0,2338.0,1333.0,70.0,0.0,0.0,0.0,44.0,85.0,0.0,0.0,0.0,0.0,0.0,0.0,123.0,85.0
21.1,738.0,133.0,0.0,0.0,0.0,0.0,5.0,20.0,0.0,406.0,0.0,0.0,263.0,0.0,11.0,20.0
21.2,101.0,0.0,0.0,0.0,0.0,0.0,0.0,2.0,0.0,3376.0,0.0,0.0,1993.0,0.0,3.0,2.0
21.3,6.0,0.0,0.0,0.0,0.0,0.0,0.0,0.0,0.0,11249.0,0.0,0.0,6048.0,0.0,18.0,0.0
21.4,0.0,6.0,4.0,0.0,0.0,0.0,0.0,0.0,0.0,15024.0,0.0,0.0,7358.0,0.0,39.0,0.0
21.5,0.0,46.0,31.0,0.0,0.0,0.0,0.0,0.0,0.0,8044.0,0.0,0.0,3589.0,0.0,34.0,0.0
21.6,0.0,140.0,94.0,0.0,0.0,0.0,0.0,0.0,0.0,1727.0,0.0,0.0,702.0,0.0,12.0,0.0
21.7,0.0,170.0,115.0,0.0,0.0,0.0,50.0,25.0,0.0,149.0,0.0,0.0,55.0,0.0,2.0,25.0
21.8,0.0,83.0,56.0,0.0,189.0,0.0,395.0,242.0,0.0,0.0,0.0,0.0,0.0,0.0,0.0,242.0
21.9,0.0,16.0,11.0,0.0,1863.0,0.0,1252.0,946.0,0.0,0.0,0.0,0.0,0.0,0.0,0.0,946.0
22.0,0.0,1.0,1.0,0.0,7315.0,0.0,1589.0,1485.0,0.0,3.0,0.0,0.0,0.0,0.0,0.0,1485.0
22.1,0.0,0.0,0.0,0.0,11468.0,0.0,808.0,937.0,0.0,59.0,7.0,0.0,0.0,0.0,0.0,937.0
22.2,0.0,0.0,0.0,0.0,7177.0,0.0,165.0,238.0,0.0,405.0,60.0,0.0,16.0,0.0,0.0,238.0
22.3,0.0,0.0,0.0,0.0,1793.0,0.0,13.0,24.0,0.0,1111.0,213.0,0.0,133.0,0.0,0.0,24.0
22.4,0.0,0.0,0.0,0.0,179.0,0.0,0.0,0.0,0.0,1214.0,302.0,0.0,437.0,0.0,0.0,0.0
22.5,0.0,0.0,0.0,0.0,0.0,0.0,0.0,0.0,0.0,529.0,171.0,0.0,573.0,0.0,39.0,0.0
22.6,0.0,7.0,0.0,0.0,0.0,0.0,0.0,0.0,0.0,92.0,38.0,0.0,344.0,0.0,353.0,0.0
22.7,0.0,46.0,54.0,0.0,0.0,0.0,0.0,0.0,0.0,6.0,3.0,0.0,617.0,0.0,1298.0,0.0
22.8,0.0,203.0,461.0,0.0,0.0,0.0,0.0,0.0,0.0,0.0,0.0,0.0,3169.0,0.0,1962.0,0.0
22.9,0.0,769.0,1556.0,0.0,0.0,0.0,0.0,0.0,0.0,0.0,0.0,0.0,9986.0,0.0,1253.0,0.0
23.0,1.0,1672.0,2085.0,0.0,0.0,0.0,0.0,0.0,0.0,0.0,0.0,0.0,17252.0,0.0,350.0,0.0
23.1,9.0,1560.0,1110.0,0.0,0.0,0.0,0.0,0.0,0.0,0.0,17.0,0.0,14129.0,0.0,64.0,0.0
23.2,30.0,585.0,235.0,0.0,0.0,0.0,1.0,0.0,0.0,0.0,289.0,0.0,5149.0,0.0,169.0,0.0
23.3,46.0,87.0,20.0,0.0,0.0,0.0,10.0,2.0,0.0,0.0,1964.0,0.0,2036.0,0.0,567.0,2.0
23.4,31.0,5.0,0.0,0.0,0.0,0.0,39.0,14.0,0.0,0.0,5287.0,0.0,2905.0,0.0,760.0,14.0
23.5,35.0,0.0,0.0,0.0,0.0,0.0,60.0,45.0,0.0,0.0,5639.0,0.0,2412.0,1.0,404.0,45.0
23.6,302.0,2.0,0.0,0.0,0.0,0.0,38.0,58.0,0.0,0.0,2383.0,0.0,805.0,18.0,85.0,58.0
23.7,1439.0,42.0,64.0,269.0,0.0,0.0,31.0,34.0,0.0,0.0,399.0,0.0,106.0,85.0,7.0,34.0
23.8,3106.0,321.0,515.0,2263.0,0.0,0.0,120.0,35.0,0.0,0.0,26.0,0.0,256.0,163.0,0.0,35.0
23.9,3697.0,1184.0,1759.0,7529.0,0.0,0.0,247.0,89.0,0.0,0.0,0.0,0.0,2019.0,124.0,7.0,89.0
24.0,3837.0,2325.0,3051.0,9894.0,0.0,0.0,203.0,107.0,0.0,0.0,0.0,0.0,6274.0,37.0,56.0,107.0
24.1,3824.0,2942.0,3632.0,5136.0,0.0,0.0,66.0,51.0,2.0,0.0,13.0,0.0,7701.0,4.0,169.0,51.0
24.2,2496.0,3308.0,4108.0,1054.0,0.0,0.0,9.0,10.0,28.0,0.0,200.0,6.0,3732.0,0.0,201.0,10.0
24.3,887.0,2972.0,4012.0,86.0,0.0,0.0,7.0,2.0,185.0,0.0,1233.0,71.0,714.0,0.0,106.0,2.0
24.4,159.0,2365.0,2111.0,4.0,96.0,0.0,41.0,12.0,477.0,0.0,2992.0,336.0,54.0,0.0,51.0,12.0
24.5,23.0,2258.0,470.0,26.0,811.0,0.0,96.0,38.0,485.0,0.0,2861.0,630.0,0.0,0.0,35.0,38.0
24.6,9.0,1299.0,42.0,75.0,2691.0,0.0,90.0,48.0,194.0,0.0,1078.0,465.0,3.0,51.0,18.0,48.0
24.7,3.0,313.0,0.0,85.0,3515.0,0.0,33.0,23.0,31.0,15.0,160.0,135.0,61.0,383.0,62.0,23.0
24.8,0.0,31.0,3.0,38.0,1806.0,0.0,5.0,4.0,2.0,151.0,9.0,15.0,458.0,1135.0,541.0,4.0
24.9,1.0,13.0,28.0,7.0,365.0,0.0,0.0,0.0,0.0,590.0,0.0,0.0,1345.0,1322.0,2929.0,0.0
25.0,4.0,62.0,105.0,1.0,29.0,0.0,0.0,0.0,0.0,904.0,12.0,0.0,1550.0,605.0,7016.0,0.0
25.1,9.0,120.0,175.0,1.0,0.0,0.0,0.0,0.0,0.0,545.0,207.0,0.0,702.0,109.0,6755.0,0.0
25.2,10.0,101.0,172.0,0.0,0.0,0.0,0.0,0.0,0.0,129.0,1346.0,0.0,125.0,8.0,2565.0,0.0
25.3,7.0,43.0,128.0,0.0,0.0,0.0,0.0,0.0,0.0,12.0,3434.0,0.0,9.0,0.0,383.0,0.0
25.4,2.0,33.0,54.0,0.0,0.0,0.0,0.0,0.0,0.0,0.0,3434.0,0.0,0.0,0.0,22.0,0.0
25.5,0.0,53.0,10.0,0.0,0.0,0.0,0.0,0.0,0.0,0.0,1346.0,0.0,0.0,2.0,0.0,0.0
25.6,0.0,41.0,1.0,0.0,0.0,0.0,0.0,0.0,0.0,0.0,207.0,0.0,1.0,37.0,0.0,0.0
25.7,0.0,13.0,0.0,0.0,0.0,0.0,1.0,0.0,0.0,0.0,12.0,0.0,12.0,245.0,20.0,0.0
25.8,0.0,2.0,0.0,0.0,0.0,0.0,18.0,4.0,0.0,0.0,0.0,0.0,113.0,633.0,264.0,4.0
25.9,0.0,0.0,0.0,0.0,0.0,0.0,107.0,42.0,0.0,0.0,0.0,0.0,568.0,641.0,1338.0,42.0
26.0,0.0,22.0,10.0,0.0,0.0,0.0,251.0,173.0,0.0,0.0,0.0,0.0,1394.0,254.0,2650.0,173.0
26.1,0.0,185.0,127.0,0.0,0.0,134.0,239.0,278.0,0.0,0.0,0.0,0.0,1566.0,39.0,2051.0,278.0
26.2,0.0,603.0,660.0,0.0,0.0,1325.0,100.0,175.0,0.0,9.0,0.0,0.0,1564.0,2.0,620.0,175.0
26.3,0.0,809.0,1337.0,0.0,0.0,5125.0,21.0,43.0,0.0,143.0,0.0,0.0,4379.0,0.0,74.0,43.0
26.4,0.0,617.0,1057.0,0.0,0.0,7729.0,2.0,4.0,0.0,887.0,0.0,0.0,7763.0,0.0,6.0,4.0
26.5,0.0,523.0,326.0,0.0,0.0,4544.0,0.0,0.0,7.0,2148.0,0.0,5.0,5495.0,0.0,18.0,0.0
26.6,0.0,331.0,39.0,0.0,0.0,1041.0,0.0,0.0,108.0,2028.0,0.0,80.0,1518.0,0.0,21.0,0.0
26.7,0.0,94.0,0.0,0.0,26.0,93.0,0.0,0.0,613.0,745.0,93.0,515.0,195.0,0.0,10.0,0.0
26.8,0.0,61.0,27.0,0.0,341.0,0.0,0.0,0.0,1355.0,107.0,805.0,1288.0,295.0,0.0,16.0,0.0
26.9,0.0,389.0,308.0,0.0,1726.0,0.0,0.0,0.0,1165.0,6.0,2718.0,1253.0,1067.0,3.0,94.0,0.0
27.0,0.0,1223.0,1386.0,0.0,3394.0,0.0,0.0,0.0,389.0,0.0,3566.0,474.0,1501.0,15.0,245.0,0.0
27.1,0.0,1806.0,2422.0,0.0,2593.0,0.0,0.0,0.0,51.0,0.0,1822.0,70.0,829.0,31.0,248.0,0.0
27.2,0.0,1567.0,1650.0,0.0,769.0,0.0,0.0,0.0,0.0,0.0,367.0,4.0,326.0,25.0,98.0,0.0
27.3,0.0,827.0,442.0,0.0,89.0,0.0,0.0,0.0,0.0,0.0,32.0,0.0,1096.0,8.0,34.0,0.0
27.4,0.0,218.0,48.0,0.0,0.0,0.0,0.0,0.0,0.0,0.0,1.0,0.0,2982.0,1.0,140.0,0.0
27.5,0.0,29.0,0.0,0.0,0.0,0.0,0.0,0.0,34.0,0.0,0.0,0.0,3189.0,1.0,412.0,0.0
27.6,0.0,3.0,0.0,0.0,0.0,0.0,0.0,0.0,373.0,0.0,0.0,13.0,1322.0,17.0,532.0,0.0
27.7,0.0,0.0,0.0,0.0,0.0,0.0,0.0,0.0,1596.0,0.0,0.0,195.0,212.0,91.0,341.0,0.0
27.8,0.0,0.0,0.0,0.0,0.0,0.0,0.0,0.0,2638.0,0.0,0.0,1132.0,13.0,192.0,137.0,0.0
27.9,0.0,0.0,0.0,0.0,0.0,0.0,1.0,0.0,1687.0,0.0,0.0,2548.0,0.0,156.0,93.0,0.0
28.0,0.0,0.0,0.0,0.0,0.0,0.0,2.0,5.0,417.0,0.0,0.0,2217.0,3.0,49.0,90.0,5.0
28.1,0.0,0.0,0.0,0.0,0.0,0.0,3.0,19.0,40.0,0.0,0.0,746.0,42.0,6.0,43.0,19.0
28.2,0.0,0.0,0.0,0.0,0.0,0.0,9.0,36.0,0.0,0.0,0.0,97.0,247.0,0.0,32.0,36.0
28.3,81.0,0.0,0.0,0.0,0.0,0.0,41.0,48.0,0.0,0.0,0.0,0.0,561.0,0.0,125.0,48.0
28.4,661.0,0.0,0.0,0.0,0.0,0.0,187.0,81.0,0.0,0.0,0.0,9.0,492.0,0.0,306.0,81.0
28.5,2154.0,0.0,0.0,0.0,0.0,0.0,399.0,202.0,24.0,0.0,0.0,136.0,169.0,0.0,621.0,202.0
28.6,3252.0,0.0,23.0,280.0,0.0,0.0,336.0,403.0,261.0,0.0,0.0,835.0,47.0,0.0,1043.0,403.0
28.7,3194.0,114.0,363.0,2136.0,0.0,0.0,109.0,361.0,1103.0,0.0,0.0,1973.0,92.0,0.0,844.0,361.0
28.8,2235.0,1081.0,2226.0,6270.0,0.0,0.0,14.0,127.0,1794.0,0.0,0.0,1794.0,143.0,0.0,283.0,127.0
28.9,1079.0,3936.0,5253.0,7081.0,0.0,0.0,0.0,17.0,1123.0,0.0,0.0,628.0,225.0,0.0,168.0,17.0
29.0,1387.0,5508.0,4790.0,3077.0,0.0,0.0,0.0,1.0,271.0,0.0,0.0,85.0,691.0,0.0,630.0,1.0
29.1,1972.0,2990.0,1960.0,514.0,0.0,0.0,0.0,0.0,25.0,0.0,0.0,4.0,1142.0,1.0,1149.0,0.0
29.2,1160.0,937.0,1702.0,33.0,0.0,0.0,0.0,0.0,0.0,0.0,0.0,0.0,740.0,8.0,846.0,0.0
29.3,263.0,1565.0,2840.0,0.0,0.0,0.0,0.0,0.0,0.0,0.0,0.0,0.0,184.0,43.0,347.0,0.0
29.4,23.0,2716.0,2076.0,0.0,0.0,0.0,0.0,0.0,0.0,0.0,0.0,0.0,18.0,84.0,158.0,0.0
29.5,0.0,1869.0,588.0,0.0,0.0,0.0,0.0,0.0,0.0,0.0,85.0,0.0,0.0,64.0,53.0,0.0
29.6,0.0,529.0,114.0,0.0,0.0,0.0,0.0,0.0,0.0,0.0,1003.0,0.0,0.0,18.0,8.0,0.0
29.7,0.0,280.0,369.0,0.0,0.0,0.0,0.0,0.0,0.0,0.0,4543.0,0.0,0.0,3.0,1.0,0.0
29.8,0.0,618.0,1023.0,0.0,0.0,0.0,27.0,0.0,9.0,0.0,7880.0,0.0,0.0,14.0,3.0,0.0
29.9,0.0,875.0,1093.0,0.0,0.0,0.0,414.0,0.0,159.0,0.0,5232.0,0.0,0.0,95.0,7.0,0.0
30.0,0.0,737.0,454.0,0.0,0.0,0.0,2446.0,223.0,1137.0,0.0,1330.0,145.0,1.0,252.0,6.0,223.0
30.1,0.0,319.0,75.0,0.0,0.0,0.0,6287.0,1908.0,3100.0,0.0,129.0,1128.0,22.0,255.0,2.0,1908.0
30.2,0.0,58.0,5.0,0.0,0.0,0.0,7248.0,6250.0,3229.0,0.0,0.0,3339.0,153.0,114.0,1.0,6250.0
30.3,1.0,4.0,0.0,0.0,0.0,0.0,3702.0,7845.0,1291.0,0.0,0.0,3774.0,417.0,150.0,5.0,7845.0
30.4,2.0,0.0,0.0,0.0,0.0,0.0,968.0,3809.0,251.0,0.0,0.0,1630.0,438.0,446.0,8.0,3809.0
30.5,2.0,0.0,0.0,0.0,0.0,0.0,1202.0,1129.0,233.0,0.0,0.0,282.0,177.0,559.0,5.0,1129.0
30.6,1.0,0.0,0.0,0.0,0.0,0.0,3284.0,2156.0,335.0,0.0,0.0,116.0,28.0,268.0,1.0,2156.0
30.7,0.0,0.0,0.0,0.0,0.0,0.0,3853.0,3940.0,194.0,0.0,0.0,273.0,2.0,49.0,0.0,3940.0
30.8,0.0,0.0,0.0,0.0,0.0,0.0,1768.0,2819.0,43.0,0.0,0.0,286.0,0.0,3.0,4.0,2819.0
30.9,0.0,1.0,0.0,0.0,32.0,0.0,328.0,781.0,4.0,0.0,0.0,114.0,16.0,0.0,22.0,781.0
31.0,2.0,3.0,0.0,0.0,396.0,0.0,63.0,126.0,0.0,0.0,0.0,17.0,185.0,0.0,46.0,126.0
31.1,12.0,7.0,0.0,0.0,1863.0,0.0,39.0,65.0,0.0,0.0,0.0,1.0,853.0,0.0,48.0,65.0
31.2,29.0,10.0,0.0,0.0,3330.0,0.0,14.0,35.0,0.0,0.0,0.0,0.0,1796.0,6.0,64.0,35.0
31.3,45.0,19.0,0.0,0.0,2262.0,0.0,2.0,7.0,0.0,86.0,0.0,0.0,1848.0,100.0,88.0,7.0
31.4,259.0,42.0,7.0,45.0,584.0,0.0,0.0,1.0,0.0,1016.0,0.0,0.0,1269.0,595.0,54.0,1.0
31.5,1365.0,154.0,92.0,378.0,57.0,0.0,0.0,0.0,0.0,4575.0,0.0,0.0,1627.0,1466.0,13.0,0.0
31.6,3219.0,496.0,469.0,1199.0,0.0,0.0,0.0,0.0,0.0,7812.0,0.0,0.0,1820.0,1557.0,14.0,0.0
31.7,3670.0,803.0,1008.0,1442.0,0.0,0.0,1.0,0.0,0.0,5058.0,0.0,0.0,848.0,733.0,67.0,0.0
31.8,2834.0,658.0,945.0,714.0,0.0,0.0,10.0,1.0,0.0,1242.0,3.0,0.0,178.0,151.0,142.0,1.0
31.9,2506.0,363.0,391.0,822.0,0.0,0.0,68.0,11.0,0.0,116.0,47.0,0.0,223.0,12.0,136.0,11.0
32.0,1949.0,212.0,70.0,3319.0,0.0,0.0,179.0,76.0,0.0,0.0,261.0,0.0,665.0,0.0,93.0,76.0
32.1,991.0,129.0,4.0,5854.0,0.0,0.0,179.0,194.0,0.0,0.0,570.0,0.0,788.0,1.0,61.0,194.0
32.2,416.0,93.0,20.0,3918.0,0.0,0.0,68.0,188.0,0.0,0.0,494.0,0.0,354.0,7.0,39.0,188.0
32.3,142.0,165.0,153.0,1022.0,0.0,0.0,10.0,69.0,0.0,0.0,174.0,0.0,60.0,38.0,22.0,69.0
32.4,35.0,252.0,454.0,195.0,0.0,0.0,6.0,11.0,0.0,0.0,25.0,0.0,4.0,77.0,22.0,11.0
32.5,24.0,333.0,578.0,117.0,0.0,0.0,20.0,9.0,0.0,0.0,1.0,0.0,9.0,70.0,164.0,9.0
32.6,27.0,666.0,624.0,52.0,0.0,0.0,29.0,20.0,0.0,0.0,207.0,0.0,59.0,69.0,649.0,20.0
32.7,40.0,784.0,825.0,9.0,0.0,0.0,16.0,17.0,0.0,0.0,1691.0,0.0,137.0,78.0,974.0,17.0
32.8,63.0,608.0,665.0,1.0,1.0,0.0,3.0,6.0,0.0,0.0,5199.0,0.0,121.0,45.0,554.0,6.0
32.9,54.0,1222.0,908.0,0.0,7.0,14.0,0.0,1.0,0.0,0.0,6024.0,0.0,40.0,16.0,138.0,1.0
33.0,25.0,2472.0,2267.0,0.0,39.0,118.0,0.0,0.0,0.0,0.0,2630.0,0.0,5.0,4.0,98.0,0.0
33.1,8.0,2434.0,2533.0,0.0,78.0,381.0,0.0,0.0,0.0,0.0,433.0,0.0,0.0,1.0,235.0,0.0
33.2,2.0,1070.0,1105.0,0.0,58.0,460.0,0.0,0.0,0.0,0.0,27.0,0.0,0.0,0.0,259.0,0.0
33.3,0.0,233.0,262.0,0.0,16.0,209.0,0.0,0.0,0.0,0.0,0.0,0.0,3.0,0.0,116.0,0.0
33.4,0.0,64.0,97.0,0.0,2.0,36.0,0.0,0.0,0.0,0.0,0.0,0.0,34.0,0.0,29.0,0.0
33.5,0.0,49.0,31.0,0.0,0.0,2.0,0.0,0.0,0.0,0.0,0.0,0.0,170.0,0.0,7.0,0.0
33.6,0.0,36.0,4.0,0.0,0.0,0.0,0.0,0.0,0.0,0.0,0.0,0.0,351.0,0.0,1.0,0.0
33.7,0.0,31.0,0.0,0.0,0.0,0.0,0.0,0.0,1.0,0.0,0.0,1.0,541.0,0.0,0.0,0.0
33.8,0.0,88.0,0.0,0.0,0.0,0.0,1.0,0.0,3.0,0.0,0.0,3.0,1317.0,0.0,4.0,0.0
33.9,7.0,151.0,0.0,0.0,0.0,0.0,10.0,0.0,2.0,0.0,0.0,2.0,1892.0,0.0,48.0,0.0
34.0,56.0,99.0,0.0,0.0,0.0,0.0,49.0,3.0,1.0,0.0,0.0,1.0,1065.0,0.0,204.0,3.0
34.1,179.0,24.0,0.0,0.0,0.0,0.0,90.0,15.0,0.0,0.0,0.0,0.0,283.0,0.0,322.0,15.0
34.2,269.0,2.0,0.0,0.0,0.0,0.0,63.0,34.0,0.0,0.0,0.0,0.0,429.0,0.0,197.0,34.0
34.3,277.0,0.0,0.0,0.0,0.0,0.0,16.0,29.0,0.0,0.0,0.0,0.0,1089.0,0.0,108.0,29.0
34.4,239.0,0.0,0.0,0.0,0.0,0.0,2.0,9.0,0.0,18.0,0.0,0.0,1251.0,0.0,244.0,9.0
34.5,112.0,0.0,0.0,0.0,0.0,0.0,17.0,8.0,0.0,282.0,0.0,0.0,1611.0,0.0,328.0,8.0
34.6,21.0,0.0,0.0,0.0,0.0,0.0,114.0,71.0,0.0,1681.0,0.0,0.0,2913.0,0.0,167.0,71.0
34.7,2.0,0.0,0.0,5.0,0.0,0.0,290.0,286.0,0.0,3743.0,0.0,0.0,2512.0,9.0,33.0,286.0
34.8,0.0,0.0,0.0,55.0,0.0,0.0,279.0,446.0,0.0,3112.0,0.0,0.0,964.0,61.0,20.0,446.0
34.9,0.0,0.0,0.0,232.0,0.0,0.0,102.0,271.0,0.0,966.0,0.0,0.0,635.0,176.0,94.0,271.0
35.0,3.0,0.0,0.0,365.0,0.0,0.0,14.0,64.0,0.0,112.0,0.0,0.0,706.0,317.0,193.0,64.0
35.1,52.0,8.0,5.0,214.0,0.0,0.0,0.0,6.0,12.0,0.0,0.0,0.0,347.0,494.0,175.0,6.0
35.2,339.0,113.0,89.0,112.0,0.0,10.0,0.0,0.0,113.0,0.0,0.0,0.0,64.0,468.0,202.0,0.0
35.3,858.0,596.0,649.0,717.0,0.0,193.0,4.0,0.0,401.0,0.0,0.0,16.0,4.0,336.0,513.0,0.0
35.4,1028.0,1458.0,1804.0,3037.0,0.0,1418.0,14.0,1.0,531.0,0.0,0.0,134.0,0.0,487.0,870.0,1.0
35.5,1331.0,2371.0,2317.0,5487.0,0.0,3874.0,21.0,7.0,262.0,0.0,0.0,428.0,9.0,569.0,637.0,7.0
35.6,2294.0,3350.0,3607.0,5657.0,0.0,3934.0,22.0,21.0,48.0,0.0,0.0,509.0,110.0,276.0,262.0,21.0
35.7,2751.0,3680.0,6497.0,3899.0,0.0,1485.0,69.0,47.0,3.0,0.0,0.0,225.0,525.0,50.0,368.0,47.0
35.8,2032.0,3259.0,6107.0,1367.0,0.0,209.0,228.0,153.0,0.0,0.0,0.0,37.0,1126.0,3.0,519.0,153.0
35.9,1395.0,2737.0,3256.0,193.0,0.0,11.0,521.0,349.0,0.0,0.0,0.0,2.0,2303.0,0.0,310.0,349.0
36.0,902.0,2499.0,1109.0,10.0,0.0,0.0,891.0,552.0,0.0,0.0,0.0,0.0,5053.0,3.0,137.0,552.0
36.1,447.0,1769.0,189.0,0.0,0.0,0.0,837.0,869.0,0.0,0.0,0.0,0.0,5249.0,10.0,87.0,869.0
36.2,595.0,1253.0,33.0,0.0,0.0,0.0,332.0,872.0,0.0,5.0,0.0,0.0,2083.0,25.0,33.0,872.0
36.3,826.0,980.0,113.0,0.0,0.0,0.0,51.0,383.0,0.0,29.0,0.0,0.0,309.0,109.0,37.0,383.0
36.4,478.0,405.0,236.0,0.0,112.0,0.0,3.0,82.0,0.0,63.0,0.0,0.0,17.0,299.0,232.0,82.0
36.5,104.0,101.0,183.0,0.0,1001.0,0.0,0.0,13.0,0.0,51.0,0.0,0.0,0.0,319.0,652.0,13.0
36.6,9.0,112.0,52.0,0.0,3295.0,0.0,0.0,1.0,0.0,15.0,16.0,0.0,1.0,126.0,734.0,1.0
36.7,10.0,148.0,7.0,0.0,4013.0,0.0,0.0,0.0,0.0,2.0,245.0,0.0,10.0,19.0,341.0,0.0
36.8,40.0,86.0,8.0,0.0,1807.0,0.0,0.0,0.0,0.0,0.0,1363.0,0.0,56.0,2.0,73.0,0.0
36.9,59.0,42.0,13.0,0.0,301.0,0.0,0.0,0.0,0.0,0.0,2858.0,0.0,356.0,1.0,8.0,0.0
37.0,35.0,28.0,10.0,0.0,19.0,0.0,0.0,0.0,0.0,0.0,2530.0,0.0,1430.0,0.0,6.0,0.0
37.1,32.0,22.0,18.0,0.0,0.0,6.0,0.0,0.0,0.0,0.0,1642.0,0.0,2281.0,0.0,56.0,0.0
37.2,71.0,27.0,44.0,0.0,0.0,95.0,0.0,0.0,26.0,0.0,1116.0,0.0,1355.0,4.0,210.0,0.0
37.3,81.0,28.0,53.0,0.0,0.0,531.0,0.0,3.0,242.0,0.0,410.0,0.0,346.0,18.0,295.0,3.0
37.4,51.0,35.0,29.0,0.0,0.0,1093.0,0.0,7.0,840.0,0.0,61.0,40.0,339.0,49.0,181.0,7.0
37.5,64.0,42.0,7.0,0.0,0.0,829.0,5.0,7.0,1074.0,0.0,3.0,347.0,742.0,93.0,251.0,7.0
37.6,113.0,62.0,3.0,0.0,0.0,232.0,63.0,24.0,506.0,0.0,0.0,1099.0,694.0,101.0,602.0,24.0
37.7,111.0,129.0,11.0,0.0,0.0,24.0,319.0,186.0,88.0,0.0,0.0,1282.0,472.0,47.0,597.0,186.0
37.8,94.0,189.0,19.0,0.0,0.0,0.0,593.0,578.0,6.0,0.0,0.0,550.0,494.0,27.0,220.0,578.0
37.9,99.0,152.0,15.0,0.0,0.0,0.0,406.0,662.0,1.0,0.0,0.0,87.0,436.0,98.0,31.0,662.0
38.0,85.0,101.0,17.0,0.0,3.0,0.0,102.0,279.0,13.0,45.0,0.0,9.0,975.0,181.0,7.0,279.0
38.1,84.0,102.0,35.0,0.0,51.0,0.0,9.0,43.0,90.0,369.0,0.0,38.0,2109.0,125.0,22.0,43.0
38.2,89.0,97.0,44.0,0.0,326.0,0.0,0.0,2.0,224.0,1103.0,0.0,144.0,1796.0,47.0,38.0,2.0
38.3,55.0,64.0,22.0,0.0,766.0,0.0,0.0,0.0,205.0,1211.0,0.0,200.0,621.0,76.0,27.0,0.0
38.4,27.0,50.0,4.0,0.0,661.0,0.0,0.0,0.0,69.0,488.0,0.0,102.0,488.0,124.0,18.0,0.0
38.5,10.0,27.0,0.0,0.0,209.0,0.0,0.0,0.0,9.0,72.0,0.0,19.0,1110.0,96.0,16.0,0.0
38.6,2.0,6.0,0.0,0.0,24.0,0.0,0.0,0.0,0.0,4.0,0.0,1.0,1069.0,162.0,7.0,0.0
38.7,0.0,0.0,0.0,0.0,0.0,0.0,0.0,0.0,0.0,0.0,0.0,0.0,396.0,445.0,1.0,0.0
38.8,0.0,0.0,0.0,0.0,0.0,0.0,0.0,0.0,0.0,0.0,12.0,0.0,110.0,659.0,0.0,0.0
38.9,0.0,4.0,7.0,0.0,0.0,0.0,0.0,0.0,0.0,0.0,126.0,0.0,84.0,469.0,2.0,0.0
39.0,0.0,23.0,50.0,0.0,0.0,0.0,1.0,1.0,9.0,0.0,495.0,0.0,133.0,144.0,21.0,1.0
39.1,0.0,65.0,131.0,0.0,0.0,0.0,1.0,1.0,113.0,0.0,714.0,0.0,225.0,29.0,83.0,1.0
39.2,0.0,131.0,129.0,0.0,0.0,0.0,1.0,1.0,510.0,0.0,376.0,19.0,169.0,38.0,123.0,1.0
39.3,0.0,140.0,63.0,0.0,0.0,0.0,2.0,1.0,838.0,0.0,77.0,180.0,47.0,44.0,71.0,1.0
39.4,0.0,72.0,44.0,0.0,0.0,0.0,3.0,1.0,503.0,0.0,51.0,609.0,5.0,19.0,53.0,1.0
39.5,0.0,46.0,49.0,0.0,0.0,0.0,8.0,2.0,110.0,0.0,175.0,755.0,7.0,3.0,127.0,2.0
39.6,0.0,63.0,47.0,0.0,2.0,0.0,34.0,19.0,9.0,0.0,245.0,341.0,103.0,0.0,218.0,19.0
39.7,0.0,100.0,49.0,0.0,29.0,0.0,68.0,73.0,0.0,0.0,126.0,56.0,539.0,0.0,434.0,73.0
39.8,0.0,105.0,54.0,0.0,199.0,0.0,51.0,105.0,0.0,0.0,23.0,3.0,1136.0,0.0,629.0,105.0
39.9,10.0,61.0,31.0,0.0,496.0,0.0,14.0,56.0,0.0,0.0,2.0,0.0,1028.0,0.0,384.0,56.0
40.0,88.0,20.0,9.0,0.0,451.0,12.0,1.0,11.0,0.0,0.0,0.0,0.0,668.0,1.0,104.0,11.0
40.1,306.0,5.0,2.0,0.0,149.0,117.0,1.0,1.0,0.0,0.0,37.0,0.0,589.0,4.0,86.0,1.0
40.2,426.0,4.0,0.0,0.0,18.0,410.0,6.0,0.0,0.0,0.0,305.0,54.0,309.0,7.0,229.0,0.0
40.3,231.0,2.0,0.0,0.0,0.0,523.0,22.0,3.0,21.0,2.0,927.0,452.0,63.0,4.0,349.0,3.0
40.4,48.0,0.0,0.0,3.0,0.0,243.0,35.0,24.0,239.0,5.0,1025.0,1369.0,5.0,1.0,242.0,24.0
40.5,4.0,0.0,0.0,50.0,0.0,41.0,23.0,77.0,1005.0,5.0,412.0,1506.0,0.0,3.0,70.0,77.0
40.6,0.0,3.0,2.0,308.0,0.0,3.0,6.0,92.0,1551.0,2.0,60.0,602.0,7.0,35.0,31.0,92.0
40.7,0.0,26.0,22.0,691.0,0.0,0.0,1.0,40.0,1023.0,0.0,3.0,93.0,43.0,137.0,100.0,40.0
40.8,0.0,97.0,98.0,563.0,0.0,0.0,2.0,7.0,850.0,0.0,0.0,89.0,98.0,195.0,189.0,7.0
40.9,0.0,131.0,160.0,166.0,0.0,0.0,15.0,7.0,990.0,0.0,0.0,476.0,96.0,101.0,179.0,7.0
41.0,1.0,70.0,95.0,20.0,0.0,0.0,55.0,61.0,512.0,0.0,0.0,972.0,72.0,19.0,112.0,61.0
41.1,10.0,85.0,32.0,28.0,0.0,0.0,72.0,202.0,97.0,16.0,0.0,719.0,51.0,1.0,244.0,202.0
41.2,51.0,333.0,144.0,142.0,2.0,0.0,34.0,244.0,7.0,209.0,0.0,193.0,29.0,0.0,683.0,244.0
41.3,90.0,555.0,665.0,259.0,18.0,0.0,6.0,109.0,0.0,980.0,0.0,19.0,95.0,0.0,795.0,109.0
41.4,65.0,415.0,1169.0,171.0,79.0,0.0,0.0,19.0,0.0,1686.0,1.0,0.0,261.0,0.0,370.0,19.0
41.5,86.0,317.0,800.0,41.0,122.0,0.0,0.0,1.0,0.0,1088.0,8.0,0.0,302.0,6.0,99.0,1.0
41.6,296.0,429.0,254.0,4.0,68.0,0.0,0.0,0.0,0.0,275.0,19.0,0.0,395.0,31.0,97.0,0.0
41.7,509.0,596.0,53.0,0.0,14.0,0.0,1.0,0.0,0.0,29.0,18.0,0.0,852.0,72.0,106.0,0.0
41.8,431.0,424.0,7.0,0.0,1.0,0.0,13.0,2.0,0.0,1.0,30.0,0.0,969.0,107.0,46.0,2.0
41.9,424.0,117.0,1.0,0.0,0.0,0.0,47.0,16.0,0.0,0.0,131.0,0.0,904.0,135.0,10.0,16.0
42.0,705.0,20.0,7.0,0.0,0.0,0.0,62.0,58.0,0.0,0.0,249.0,0.0,1043.0,130.0,22.0,58.0
42.1,670.0,46.0,20.0,0.0,0.0,0.0,29.0,88.0,0.0,0.0,172.0,0.0,616.0,125.0,58.0,88.0
42.2,280.0,97.0,22.0,0.0,0.0,0.0,6.0,55.0,0.0,0.0,55.0,0.0,136.0,84.0,66.0,55.0
42.3,77.0,76.0,9.0,17.0,0.0,6.0,9.0,29.0,0.0,0.0,149.0,0.0,11.0,90.0,46.0,29.0
42.4,50.0,29.0,4.0,148.0,0.0,104.0,77.0,37.0,0.0,0.0,631.0,0.0,1.0,370.0,27.0,37.0
42.5,56.0,50.0,25.0,455.0,0.0,626.0,269.0,131.0,0.0,0.0,992.0,0.0,10.0,695.0,9.0,131.0
42.6,118.0,124.0,72.0,513.0,0.0,1360.0,338.0,292.0,0.0,0.0,562.0,0.0,37.0,473.0,8.0,292.0
42.7,159.0,154.0,85.0,277.0,0.0,1065.0,153.0,244.0,0.0,0.0,115.0,0.0,83.0,119.0,19.0,244.0
42.8,108.0,158.0,76.0,246.0,0.0,300.0,25.0,78.0,0.0,2.0,16.0,0.0,229.0,44.0,21.0,78.0
42.9,68.0,150.0,90.0,373.0,0.0,30.0,4.0,13.0,1.0,4.0,95.0,0.0,389.0,136.0,22.0,13.0
43.0,176.0,137.0,174.0,603.0,0.0,0.0,11.0,4.0,14.0,4.0,440.0,0.0,254.0,193.0,61.0,4.0
43.1,370.0,131.0,446.0,687.0,0.0,0.0,16.0,18.0,92.0,1.0,738.0,2.0,60.0,99.0,141.0,18.0
43.2,344.0,158.0,564.0,505.0,0.0,0.0,15.0,47.0,230.0,0.0,503.0,32.0,6.0,18.0,208.0,47.0
43.3,332.0,395.0,373.0,223.0,0.0,0.0,72.0,46.0,281.0,0.0,318.0,220.0,40.0,5.0,154.0,46.0
43.4,465.0,547.0,216.0,100.0,0.0,0.0,430.0,54.0,294.0,0.0,281.0,537.0,437.0,36.0,69.0,54.0
43.5,354.0,325.0,185.0,255.0,0.0,0.0,980.0,328.0,213.0,0.0,145.0,472.0,1813.0,138.0,78.0,328.0
43.6,211.0,107.0,127.0,402.0,0.0,0.0,808.0,1043.0,64.0,0.0,118.0,149.0,2960.0,192.0,176.0,1043.0
43.7,205.0,45.0,40.0,308.0,0.0,0.0,260.0,1200.0,7.0,0.0,151.0,17.0,2584.0,100.0,443.0,1200.0
43.8,226.0,108.0,17.0,338.0,0.0,0.0,68.0,499.0,0.0,0.0,192.0,0.0,2496.0,41.0,606.0,499.0
43.9,252.0,225.0,53.0,357.0,0.0,0.0,37.0,91.0,0.0,0.0,410.0,0.0,1749.0,56.0,327.0,91.0
44.0,237.0,186.0,95.0,153.0,0.0,0.0,59.0,40.0,0.0,0.0,484.0,1.0,506.0,46.0,136.0,40.0
44.1,157.0,65.0,78.0,24.0,0.0,0.0,254.0,81.0,1.0,0.0,214.0,16.0,103.0,13.0,282.0,81.0
44.2,76.0,74.0,88.0,1.0,12.0,0.0,481.0,274.0,25.0,2.0,34.0,120.0,89.0,1.0,376.0,274.0
44.3,83.0,210.0,199.0,0.0,104.0,0.0,347.0,434.0,157.0,29.0,2.0,324.0,121.0,0.0,185.0,434.0
44.4,141.0,261.0,210.0,0.0,325.0,0.0,188.0,255.0,359.0,143.0,0.0,312.0,360.0,7.0,39.0,255.0
44.5,126.0,166.0,81.0,0.0,365.0,0.0,228.0,79.0,293.0,248.0,0.0,108.0,644.0,92.0,49.0,79.0
44.6,73.0,83.0,26.0,0.0,146.0,0.0,164.0,113.0,85.0,154.0,0.0,13.0,649.0,430.0,165.0,113.0
44.7,26.0,90.0,89.0,0.0,21.0,0.0,47.0,163.0,9.0,36.0,0.0,0.0,601.0,729.0,209.0,163.0
44.8,5.0,130.0,180.0,0.0,1.0,0.0,30.0,91.0,0.0,31.0,1.0,0.0,336.0,446.0,95.0,91.0
44.9,27.0,97.0,131.0,0.0,0.0,0.0,73.0,43.0,0.0,181.0,6.0,0.0,74.0,98.0,18.0,43.0
45.0,168.0,35.0,34.0,0.0,0.0,0.0,75.0,73.0,1.0,445.0,22.0,0.0,11.0,16.0,30.0,73.0
45.1,419.0,14.0,4.0,0.0,0.0,0.0,29.0,72.0,19.0,427.0,28.0,0.0,81.0,70.0,101.0,72.0
45.2,487.0,13.0,2.0,0.0,0.0,0.0,20.0,41.0,116.0,158.0,13.0,0.0,431.0,217.0,158.0,41.0
45.3,383.0,7.0,1.0,0.0,0.0,0.0,91.0,94.0,255.0,22.0,2.0,6.0,873.0,243.0,327.0,94.0
45.4,288.0,7.0,0.0,0.0,0.0,0.0,210.0,184.0,200.0,1.0,6.0,58.0,781.0,106.0,855.0,184.0
45.5,172.0,21.0,0.0,0.0,0.0,0.0,209.0,180.0,56.0,0.0,94.0,193.0,729.0,38.0,1008.0,180.0
45.6,184.0,29.0,0.0,105.0,6.0,0.0,122.0,205.0,6.0,0.0,539.0,228.0,866.0,26.0,530.0,205.0
45.7,495.0,17.0,5.0,832.0,74.0,0.0,62.0,199.0,4.0,0.0,1103.0,96.0,503.0,21.0,191.0,199.0
45.8,714.0,58.0,84.0,2347.0,303.0,0.0,19.0,96.0,47.0,0.0,803.0,17.0,314.0,22.0,160.0,96.0
45.9,628.0,388.0,475.0,2360.0,442.0,0.0,3.0,36.0,186.0,0.0,211.0,34.0,666.0,22.0,359.0,36.0
46.0,569.0,1054.0,1038.0,939.0,229.0,0.0,0.0,12.0,260.0,0.0,55.0,149.0,979.0,62.0,600.0,12.0
46.1,583.0,1372.0,1415.0,848.0,42.0,0.0,4.0,2.0,129.0,0.0,171.0,235.0,1215.0,128.0,579.0,2.0
46.2,569.0,1086.0,2261.0,1996.0,3.0,0.0,15.0,5.0,23.0,0.0,295.0,131.0,1162.0,101.0,291.0,5.0
46.3,319.0,818.0,2368.0,1909.0,0.0,0.0,27.0,26.0,1.0,0.0,181.0,26.0,1168.0,28.0,118.0,26.0
46.4,213.0,1503.0,1215.0,649.0,0.0,0.0,38.0,58.0,0.0,2.0,39.0,2.0,2045.0,3.0,127.0,58.0
46.5,372.0,1992.0,752.0,78.0,0.0,0.0,45.0,87.0,0.0,4.0,3.0,0.0,1914.0,0.0,268.0,87.0
46.6,336.0,1825.0,1891.0,0.0,0.0,0.0,24.0,81.0,21.0,3.0,0.0,0.0,661.0,0.0,337.0,81.0
46.7,242.0,2149.0,3347.0,0.0,0.0,0.0,5.0,34.0,267.0,1.0,0.0,0.0,82.0,0.0,161.0,34.0
46.8,551.0,1728.0,2816.0,0.0,0.0,0.0,2.0,9.0,1192.0,0.0,1.0,10.0,6.0,9.0,33.0,9.0
46.9,873.0,1299.0,1503.0,0.0,0.0,0.0,8.0,6.0,1885.0,0.0,10.0,156.0,45.0,93.0,36.0,6.0
47.0,800.0,1926.0,960.0,0.0,6.0,0.0,15.0,6.0,1064.0,3.0,38.0,886.0,169.0,327.0,90.0,6.0
47.1,483.0,1724.0,821.0,0.0,64.0,0.0,11.0,4.0,247.0,60.0,65.0,1785.0,309.0,408.0,117.0,4.0
47.2,176.0,778.0,708.0,0.0,242.0,0.0,3.0,2.0,74.0,472.0,133.0,1277.0,607.0,180.0,88.0,2.0
47.3,212.0,230.0,283.0,0.0,322.0,0.0,6.0,0.0,33.0,1558.0,310.0,347.0,933.0,31.0,103.0,0.0
47.4,466.0,153.0,46.0,0.0,152.0,23.0,16.0,1.0,7.0,2191.0,305.0,102.0,583.0,6.0,178.0,1.0
47.5,394.0,291.0,17.0,0.0,25.0,210.0,22.0,5.0,0.0,1258.0,107.0,77.0,133.0,3.0,172.0,5.0
47.6,119.0,239.0,27.0,0.0,1.0,671.0,23.0,13.0,0.0,278.0,13.0,29.0,36.0,4.0,108.0,13.0
47.7,17.0,81.0,27.0,35.0,0.0,760.0,24.0,17.0,0.0,22.0,0.0,4.0,171.0,49.0,40.0,17.0
47.8,14.0,39.0,19.0,311.0,0.0,304.0,23.0,11.0,0.0,0.0,0.0,0.0,410.0,250.0,6.0,11.0
47.9,80.0,48.0,15.0,978.0,0.0,43.0,31.0,4.0,0.0,0.0,0.0,0.0,348.0,462.0,2.0,4.0
48.0,340.0,56.0,8.0,1087.0,0.0,2.0,33.0,11.0,0.0,0.0,0.0,0.0,104.0,367.0,25.0,11.0
48.1,662.0,66.0,4.0,427.0,0.0,0.0,33.0,48.0,0.0,0.0,0.0,0.0,11.0,234.0,105.0,48.0
48.2,711.0,139.0,22.0,112.0,0.0,0.0,37.0,82.0,0.0,0.0,0.0,0.0,0.0,135.0,162.0,82.0
48.3,591.0,190.0,111.0,510.0,3.0,0.0,22.0,66.0,0.0,0.0,0.0,0.0,0.0,36.0,116.0,66.0
48.4,387.0,127.0,287.0,1727.0,53.0,0.0,8.0,40.0,0.0,3.0,2.0,0.0,21.0,3.0,77.0,40.0
48.5,470.0,67.0,289.0,2119.0,377.0,0.0,9.0,23.0,0.0,41.0,33.0,0.0,207.0,11.0,41.0,23.0
48.6,934.0,55.0,105.0,1193.0,938.0,0.0,21.0,14.0,0.0,208.0,193.0,0.0,764.0,93.0,15.0,14.0
48.7,944.0,51.0,15.0,797.0,824.0,0.0,20.0,38.0,0.0,369.0,397.0,0.0,1152.0,285.0,26.0,38.0
48.8,538.0,59.0,19.0,495.0,255.0,0.0,12.0,72.0,0.0,231.0,288.0,0.0,788.0,351.0,63.0,72.0
48.9,386.0,170.0,130.0,126.0,28.0,0.0,63.0,53.0,0.0,51.0,73.0,0.0,251.0,243.0,73.0,53.0
49.0,353.0,409.0,392.0,11.0,0.0,0.0,276.0,64.0,0.0,4.0,7.0,0.0,35.0,161.0,37.0,64.0
49.1,221.0,620.0,606.0,0.0,0.0,0.0,452.0,265.0,0.0,0.0,0.0,0.0,22.0,123.0,67.0,265.0
49.2,65.0,539.0,707.0,0.0,0.0,0.0,277.0,517.0,2.0,0.0,2.0,0.0,107.0,138.0,267.0,517.0
49.3,7.0,293.0,824.0,0.0,0.0,0.0,71.0,471.0,18.0,0.0,17.0,0.0,203.0,89.0,414.0,471.0
49.4,4.0,265.0,776.0,0.0,0.0,0.0,20.0,241.0,72.0,0.0,60.0,7.0,135.0,22.0,233.0,241.0
49.5,28.0,536.0,373.0,0.0,0.0,0.0,84.0,77.0,100.0,0.0,75.0,43.0,35.0,2.0,61.0,77.0
49.6,70.0,732.0,76.0,0.0,0.0,0.0,404.0,130.0,49.0,0.0,33.0,92.0,42.0,1.0,39.0,130.0
49.7,62.0,392.0,10.0,5.0,49.0,0.0,706.0,506.0,8.0,0.0,5.0,69.0,153.0,0.0,63.0,506.0
49.8,19.0,76.0,1.0,38.0,489.0,0.0,434.0,736.0,1.0,0.0,0.0,18.0,207.0,0.0,148.0,736.0
49.9,2.0,9.0,1.0,94.0,1702.0,0.0,94.0,377.0,0.0,0.0,0.0,2.0,99.0,0.0,318.0,377.0
50.0,0.0,35.0,14.0,81.0,2080.0,0.0,7.0,68.0,0.0,0.0,0.0,0.0,17.0,2.0,297.0,68.0
50.1,0.0,118.0,78.0,25.0,893.0,0.0,0.0,5.0,0.0,0.0,0.0,0.0,18.0,36.0,133.0,5.0
50.2,0.0,148.0,177.0,3.0,134.0,0.0,0.0,9.0,0.0,0.0,0.0,0.0,195.0,241.0,74.0,9.0
50.3,0.0,69.0,161.0,0.0,7.0,14.0,0.0,26.0,0.0,2.0,0.0,0.0,821.0,628.0,74.0,26.0
50.4,0.0,16.0,57.0,0.0,0.0,179.0,0.0,25.0,2.0,35.0,0.0,0.0,1421.0,636.0,73.0,25.0
50.5,0.0,14.0,7.0,0.0,0.0,783.0,0.0,9.0,4.0,215.0,0.0,2.0,1728.0,246.0,55.0,9.0
50.6,2.0,43.0,0.0,1.0,0.0,1200.0,0.0,1.0,3.0,474.0,0.0,3.0,1866.0,35.0,102.0,1.0
50.7,9.0,69.0,0.0,21.0,0.0,644.0,0.0,0.0,1.0,380.0,0.0,1.0,982.0,3.0,326.0,0.0
50.8,36.0,42.0,0.0,127.0,0.0,121.0,0.0,0.0,0.0,111.0,12.0,0.0,246.0,4.0,438.0,0.0
50.9,73.0,35.0,0.0,263.0,0.0,8.0,0.0,0.0,0.0,12.0,122.0,0.0,213.0,5.0,232.0,0.0
51.0,70.0,109.0,15.0,191.0,4.0,0.0,0.0,0.0,0.0,0.0,416.0,0.0,552.0,5.0,109.0,0.0
51.1,80.0,233.0,146.0,48.0,41.0,0.0,0.0,0.0,0.0,0.0,498.0,0.0,1196.0,25.0,250.0,0.0
51.2,104.0,450.0,584.0,4.0,152.0,0.0,0.0,0.0,6.0,0.0,210.0,5.0,1504.0,61.0,639.0,0.0
51.3,64.0,548.0,1112.0,0.0,198.0,0.0,0.0,0.0,33.0,0.0,36.0,25.0,1291.0,52.0,787.0,0.0
51.4,61.0,520.0,1002.0,0.0,90.0,0.0,0.0,0.0,69.0,0.0,13.0,45.0,1015.0,16.0,378.0,0.0
51.5,289.0,810.0,575.0,0.0,14.0,0.0,0.0,0.0,97.0,0.0,9.0,28.0,517.0,2.0,68.0,0.0
51.6,1025.0,740.0,726.0,0.0,1.0,0.0,2.0,0.0,178.0,0.0,4.0,11.0,480.0,0.0,11.0,0.0
51.7,1649.0,384.0,709.0,0.0,0.0,0.0,11.0,4.0,176.0,0.0,1.0,45.0,868.0,0.0,15.0,4.0
51.8,1318.0,293.0,262.0,0.0,0.0,0.0,19.0,24.0,64.0,0.0,0.0,158.0,733.0,0.0,26.0,24.0
51.9,900.0,221.0,62.0,0.0,0.0,0.0,15.0,47.0,8.0,0.0,0.0,195.0,556.0,0.0,83.0,47.0
52.0,884.0,271.0,51.0,0.0,0.0,35.0,29.0,33.0,0.0,0.0,0.0,83.0,654.0,0.0,173.0,33.0
52.1,646.0,350.0,35.0,22.0,0.0,475.0,70.0,20.0,0.0,0.0,2.0,13.0,726.0,0.0,178.0,20.0
52.2,226.0,212.0,26.0,184.0,0.0,2276.0,80.0,40.0,0.0,0.0,23.0,1.0,728.0,1.0,145.0,40.0
52.3,44.0,59.0,63.0,710.0,3.0,3803.0,40.0,46.0,0.0,0.0,100.0,0.0,351.0,21.0,142.0,46.0
52.4,8.0,38.0,99.0,1880.0,29.0,2217.0,10.0,23.0,0.0,0.0,179.0,0.0,76.0,106.0,135.0,23.0
52.5,8.0,86.0,122.0,3043.0,89.0,451.0,2.0,11.0,1.0,0.0,130.0,0.0,176.0,191.0,160.0,11.0
52.6,40.0,114.0,122.0,2064.0,95.0,32.0,4.0,9.0,11.0,0.0,37.0,0.0,724.0,136.0,231.0,9.0
52.7,107.0,140.0,67.0,538.0,36.0,0.0,24.0,12.0,55.0,0.0,4.0,1.0,1184.0,87.0,215.0,12.0
52.8,136.0,152.0,37.0,70.0,5.0,0.0,63.0,28.0,96.0,0.0,0.0,13.0,1062.0,100.0,190.0,28.0
52.9,99.0,104.0,25.0,6.0,0.0,0.0,78.0,63.0,58.0,0.0,0.0,47.0,1349.0,73.0,201.0,63.0
53.0,94.0,108.0,55.0,0.0,0.0,0.0,64.0,67.0,12.0,0.0,0.0,59.0,1369.0,30.0,118.0,67.0
53.1,125.0,327.0,349.0,0.0,0.0,0.0,42.0,44.0,1.0,0.0,0.0,26.0,543.0,17.0,59.0,44.0
53.2,111.0,859.0,1116.0,0.0,0.0,0.0,34.0,82.0,0.0,0.0,0.0,4.0,78.0,24.0,126.0,82.0
53.3,94.0,1155.0,1446.0,0.0,0.0,0.0,30.0,128.0,0.0,0.0,0.0,0.0,32.0,17.0,173.0,128.0
53.4,113.0,765.0,774.0,0.0,0.0,15.0,25.0,75.0,0.0,0.0,0.0,0.0,136.0,6.0,98.0,75.0
53.5,87.0,374.0,306.0,0.0,0.0,178.0,16.0,18.0,0.0,0.0,0.0,0.0,242.0,8.0,42.0,18.0
53.6,64.0,239.0,161.0,0.0,0.0,730.0,13.0,9.0,1.0,0.0,0.0,0.0,271.0,9.0,22.0,9.0
53.7,47.0,139.0,46.0,0.0,0.0,1043.0,18.0,21.0,1.0,1.0,0.0,0.0,369.0,6.0,32.0,21.0
53.8,19.0,83.0,8.0,0.0,0.0,518.0,68.0,22.0,1.0,11.0,0.0,0.0,348.0,17.0,99.0,22.0
53.9,16.0,129.0,26.0,0.0,0.0,90.0,239.0,32.0,1.0,61.0,0.0,0.0,515.0,40.0,149.0,32.0
54.0,18.0,159.0,102.0,0.0,0.0,5.0,361.0,149.0,0.0,117.0,0.0,0.0,1280.0,34.0,171.0,149.0
54.1,10.0,155.0,190.0,9.0,0.0,0.0,298.0,342.0,0.0,95.0,0.0,0.0,1343.0,23.0,282.0,342.0
54.2,11.0,191.0,244.0,91.0,0.0,0.0,292.0,299.0,0.0,131.0,0.0,0.0,610.0,38.0,377.0,299.0
54.3,43.0,157.0,189.0,324.0,0.0,0.0,260.0,124.0,0.0,252.0,17.0,0.0,302.0,39.0,223.0,124.0
54.4,180.0,65.0,60.0,401.0,0.0,0.0,253.0,214.0,9.0,192.0,188.0,5.0,159.0,33.0,54.0,214.0
54.5,388.0,36.0,7.0,172.0,0.0,0.0,289.0,550.0,71.0,51.0,728.0,49.0,41.0,30.0,30.0,550.0
54.6,402.0,35.0,1.0,26.0,0.0,0.0,209.0,555.0,194.0,5.0,990.0,180.0,6.0,13.0,93.0,555.0
54.7,365.0,58.0,28.0,50.0,0.0,0.0,177.0,252.0,184.0,0.0,569.0,231.0,22.0,2.0,261.0,252.0
54.8,385.0,233.0,209.0,401.0,53.0,11.0,139.0,145.0,61.0,0.0,413.0,103.0,293.0,0.0,311.0,145.0
54.9,342.0,498.0,545.0,1157.0,465.0,101.0,110.0,96.0,7.0,0.0,472.0,16.0,1444.0,2.0,134.0,96.0
55.0,318.0,568.0,533.0,1179.0,1423.0,324.0,130.0,56.0,0.0,3.0,357.0,4.0,2617.0,5.0,40.0,56.0
55.1,491.0,604.0,490.0,701.0,1509.0,362.0,86.0,103.0,8.0,50.0,176.0,34.0,1901.0,11.0,101.0,103.0
55.2,695.0,718.0,979.0,1659.0,555.0,140.0,39.0,110.0,73.0,333.0,100.0,144.0,1057.0,34.0,218.0,110.0
55.3,711.0,1227.0,1308.0,3750.0,71.0,19.0,13.0,44.0,247.0,773.0,216.0,210.0,767.0,55.0,323.0,44.0
55.4,658.0,2164.0,2603.0,4271.0,0.0,1.0,2.0,17.0,315.0,624.0,459.0,107.0,289.0,58.0,347.0,17.0
55.5,542.0,2807.0,4969.0,2262.0,0.0,0.0,1.0,18.0,156.0,175.0,367.0,38.0,123.0,99.0,229.0,18.0
55.6,919.0,2083.0,4366.0,481.0,0.0,0.0,9.0,10.0,31.0,17.0,103.0,131.0,596.0,151.0,112.0,10.0
55.7,1127.0,1083.0,2598.0,37.0,0.0,0.0,22.0,3.0,27.0,0.0,20.0,317.0,1493.0,106.0,105.0,3.0
55.8,620.0,1425.0,1644.0,0.0,0.0,0.0,21.0,10.0,146.0,0.0,56.0,271.0,1422.0,30.0,148.0,10.0
55.9,470.0,1910.0,580.0,1.0,0.0,0.0,15.0,46.0,297.0,0.0,103.0,82.0,750.0,13.0,161.0,46.0
56.0,966.0,1455.0,89.0,10.0,1.0,0.0,13.0,75.0,210.0,0.0,65.0,9.0,574.0,19.0,309.0,75.0
56.1,1084.0,707.0,22.0,25.0,15.0,0.0,11.0,44.0,51.0,0.0,14.0,0.0,337.0,13.0,497.0,44.0
56.2,625.0,496.0,98.0,31.0,56.0,0.0,17.0,10.0,4.0,0.0,1.0,0.0,77.0,3.0,415.0,10.0
56.3,538.0,817.0,201.0,72.0,74.0,0.0,49.0,5.0,0.0,0.0,6.0,0.0,24.0,0.0,182.0,5.0
56.4,562.0,768.0,147.0,135.0,34.0,0.0,122.0,21.0,0.0,0.0,62.0,0.0,153.0,0.0,64.0,21.0
56.5,417.0,433.0,43.0,95.0,5.0,0.0,138.0,78.0,4.0,0.0,211.0,0.0,459.0,2.0,38.0,78.0
56.6,234.0,199.0,9.0,37.0,0.0,0.0,97.0,129.0,41.0,1.0,251.0,0.0,491.0,4.0,14.0,129.0
56.7,121.0,79.0,4.0,93.0,0.0,0.0,53.0,95.0,154.0,5.0,103.0,0.0,186.0,16.0,2.0,95.0
56.8,112.0,34.0,14.0,263.0,0.0,0.0,18.0,49.0,231.0,14.0,15.0,6.0,25.0,65.0,2.0,49.0
56.9,99.0,42.0,26.0,369.0,0.0,0.0,31.0,27.0,194.0,34.0,1.0,64.0,1.0,218.0,14.0,27.0
57.0,62.0,98.0,33.0,234.0,0.0,0.0,137.0,69.0,110.0,74.0,0.0,223.0,3.0,397.0,53.0,69.0
57.1,60.0,112.0,55.0,58.0,0.0,0.0,389.0,224.0,30.0,72.0,0.0,268.0,27.0,289.0,100.0,224.0
57.2,46.0,62.0,61.0,5.0,0.0,0.0,640.0,440.0,3.0,25.0,0.0,111.0,99.0,78.0,93.0,440.0
57.3,21.0,46.0,38.0,0.0,3.0,0.0,647.0,477.0,0.0,3.0,0.0,16.0,151.0,8.0,95.0,477.0
57.4,23.0,69.0,44.0,0.0,12.0,1.0,328.0,286.0,0.0,0.0,0.0,1.0,160.0,0.0,175.0,286.0
57.5,43.0,163.0,170.0,0.0,16.0,14.0,66.0,204.0,0.0,0.0,4.0,0.0,151.0,0.0,312.0,204.0
57.6,54.0,243.0,330.0,0.0,8.0,80.0,12.0,368.0,0.0,0.0,31.0,0.0,70.0,2.0,297.0,368.0
57.7,47.0,202.0,226.0,0.0,1.0,158.0,53.0,356.0,2.0,0.0,81.0,0.0,33.0,23.0,115.0,356.0
57.8,37.0,194.0,57.0,0.0,0.0,108.0,180.0,161.0,23.0,0.0,75.0,0.0,190.0,94.0,21.0,161.0
57.9,21.0,288.0,54.0,0.0,0.0,26.0,298.0,196.0,89.0,0.0,34.0,0.0,845.0,137.0,24.0,196.0
58.0,6.0,243.0,247.0,0.0,0.0,2.0,220.0,302.0,121.0,0.0,16.0,3.0,1509.0,72.0,80.0,302.0
58.1,1.0,94.0,422.0,0.0,0.0,0.0,64.0,187.0,57.0,0.0,5.0,25.0,1055.0,24.0,128.0,187.0
58.2,6.0,21.0,249.0,0.0,0.0,0.0,23.0,42.0,11.0,0.0,1.0,68.0,360.0,17.0,138.0,42.0
58.3,57.0,13.0,54.0,0.0,0.0,0.0,68.0,4.0,21.0,0.0,0.0,63.0,135.0,15.0,107.0,4.0
58.4,213.0,84.0,31.0,0.0,47.0,0.0,98.0,7.0,96.0,0.0,0.0,20.0,212.0,61.0,78.0,7.0
58.5,363.0,252.0,93.0,0.0,468.0,0.0,48.0,47.0,156.0,0.0,3.0,3.0,475.0,189.0,55.0,47.0
58.6,389.0,268.0,111.0,0.0,1608.0,0.0,10.0,104.0,87.0,0.0,38.0,12.0,841.0,233.0,48.0,104.0
58.7,344.0,104.0,49.0,0.0,1905.0,0.0,48.0,84.0,17.0,1.0,158.0,79.0,1624.0,183.0,168.0,84.0
58.8,368.0,32.0,12.0,3.0,779.0,0.0,354.0,32.0,8.0,11.0,283.0,177.0,1627.0,138.0,313.0,32.0
58.9,286.0,60.0,3.0,45.0,110.0,0.0,915.0,32.0,37.0,55.0,272.0,137.0,829.0,55.0,255.0,32.0
59.0,92.0,73.0,7.0,267.0,5.0,0.0,815.0,224.0,72.0,93.0,170.0,38.0,351.0,24.0,284.0,224.0
59.1,11.0,43.0,84.0,551.0,0.0,0.0,250.0,892.0,54.0,54.0,183.0,17.0,91.0,82.0,392.0,892.0
59.2,0.0,94.0,372.0,391.0,0.0,0.0,27.0,1277.0,15.0,11.0,217.0,45.0,19.0,153.0,255.0,1277.0
59.3,0.0,379.0,566.0,96.0,0.0,0.0,0.0,636.0,2.0,1.0,102.0,51.0,102.0,109.0,96.0,636.0
59.4,7.0,580.0,297.0,8.0,0.0,0.0,1.0,109.0,0.0,0.0,17.0,20.0,427.0,29.0,53.0,109.0
59.5,53.0,307.0,57.0,0.0,0.0,0.0,2.0,7.0,1.0,0.0,1.0,3.0,672.0,5.0,34.0,7.0
59.6,132.0,67.0,50.0,0.0,0.0,0.0,2.0,2.0,11.0,0.0,7.0,0.0,512.0,24.0,38.0,2.0
59.7,135.0,85.0,246.0,0.0,0.0,0.0,9.0,9.0,56.0,0.0,75.0,0.0,301.0,83.0,68.0,9.0
59.8,200.0,229.0,470.0,0.0,0.0,0.0,48.0,13.0,103.0,0.0,263.0,0.0,184.0,115.0,92.0,13.0
59.9,463.0,337.0,423.0,1.0,0.0,0.0,94.0,11.0,65.0,0.0,329.0,7.0,353.0,80.0,147.0,11.0
60.0,569.0,326.0,364.0,32.0,0.0,0.0,66.0,30.0,14.0,3.0,274.0,45.0,810.0,35.0,312.0,30.0
60.1,525.0,200.0,371.0,235.0,0.0,0.0,19.0,79.0,1.0,36.0,557.0,95.0,1265.0,19.0,522.0,79.0
60.2,558.0,270.0,317.0,601.0,0.0,0.0,7.0,96.0,0.0,142.0,709.0,69.0,991.0,49.0,556.0,96.0
60.3,470.0,509.0,241.0,531.0,0.0,22.0,13.0,56.0,0.0,190.0,324.0,17.0,511.0,155.0,313.0,56.0
60.4,318.0,429.0,253.0,161.0,0.0,197.0,34.0,32.0,0.0,88.0,53.0,2.0,339.0,219.0,185.0,32.0
60.5,122.0,152.0,216.0,23.0,0.0,598.0,67.0,26.0,0.0,14.0,26.0,0.0,135.0,118.0,469.0,26.0
60.6,21.0,37.0,125.0,61.0,0.0,625.0,91.0,52.0,0.0,1.0,116.0,0.0,26.0,24.0,845.0,52.0
60.7,28.0,84.0,63.0,353.0,1.0,225.0,64.0,93.0,0.0,0.0,196.0,0.0,72.0,12.0,664.0,93.0
60.8,149.0,202.0,20.0,1197.0,17.0,28.0,18.0,81.0,0.0,0.0,114.0,0.0,281.0,63.0,232.0,81.0
60.9,419.0,212.0,5.0,1716.0,81.0,0.0,2.0,36.0,0.0,0.0,24.0,0.0,414.0,138.0,49.0,36.0
61.0,595.0,111.0,18.0,893.0,132.0,0.0,4.0,8.0,0.0,0.0,15.0,0.0,310.0,104.0,75.0,8.0
61.1,472.0,52.0,53.0,246.0,74.0,0.0,34.0,3.0,2.0,0.0,88.0,2.0,218.0,27.0,132.0,3.0
61.2,325.0,48.0,82.0,541.0,14.0,0.0,131.0,23.0,31.0,0.0,199.0,35.0,101.0,4.0,85.0,23.0
61.3,271.0,63.0,97.0,1136.0,1.0,0.0,181.0,113.0,182.0,2.0,156.0,211.0,36.0,14.0,29.0,113.0
61.4,207.0,114.0,135.0,845.0,0.0,0.0,88.0,234.0,366.0,47.0,52.0,431.0,134.0,46.0,58.0,234.0
61.5,168.0,374.0,416.0,238.0,0.0,0.0,15.0,180.0,254.0,322.0,122.0,304.0,346.0,55.0,151.0,180.0
61.6,149.0,737.0,787.0,42.0,0.0,6.0,1.0,51.0,61.0,756.0,481.0,88.0,418.0,34.0,240.0,51.0
61.7,158.0,691.0,572.0,7.0,0.0,43.0,2.0,9.0,19.0,619.0,677.0,124.0,548.0,51.0,232.0,9.0
61.8,202.0,325.0,256.0,1.0,0.0,103.0,14.0,3.0,118.0,189.0,327.0,327.0,611.0,63.0,148.0,3.0
61.9,172.0,135.0,330.0,0.0,6.0,101.0,39.0,1.0,347.0,29.0,55.0,313.0,280.0,33.0,55.0,1.0
62.0,96.0,219.0,453.0,0.0,47.0,108.0,62.0,5.0,364.0,3.0,12.0,105.0,65.0,48.0,10.0,5.0
62.1,113.0,327.0,429.0,0.0,123.0,131.0,70.0,31.0,140.0,0.0,51.0,31.0,223.0,144.0,24.0,31.0
62.2,147.0,326.0,286.0,0.0,110.0,67.0,41.0,83.0,20.0,1.0,98.0,56.0,887.0,189.0,117.0,83.0
62.3,121.0,254.0,194.0,0.0,34.0,13.0,10.0,90.0,1.0,74.0,65.0,57.0,1331.0,164.0,203.0,90.0
62.4,89.0,231.0,117.0,0.0,4.0,13.0,4.0,39.0,0.0,542.0,15.0,20.0,984.0,132.0,136.0,39.0
62.5,177.0,241.0,40.0,2.0,0.0,45.0,7.0,10.0,0.0,1406.0,1.0,2.0,653.0,74.0,76.0,10.0
62.6,386.0,192.0,12.0,2.0,0.0,58.0,7.0,9.0,0.0,1294.0,0.0,0.0,490.0,58.0,59.0,9.0
62.7,572.0,112.0,7.0,1.0,0.0,26.0,12.0,24.0,9.0,430.0,0.0,0.0,929.0,61.0,47.0,24.0
62.8,703.0,62.0,17.0,3.0,0.0,4.0,33.0,44.0,124.0,54.0,0.0,0.0,1250.0,42.0,65.0,44.0
62.9,482.0,29.0,30.0,41.0,0.0,0.0,52.0,52.0,583.0,1.0,0.0,0.0,782.0,33.0,59.0,52.0
63.0,137.0,21.0,42.0,220.0,0.0,0.0,77.0,41.0,943.0,0.0,0.0,0.0,621.0,85.0,73.0,41.0
63.1,62.0,50.0,79.0,410.0,0.0,0.0,153.0,99.0,524.0,0.0,4.0,22.0,629.0,114.0,192.0,99.0
63.2,152.0,234.0,193.0,316.0,0.0,0.0,177.0,306.0,100.0,0.0,59.0,209.0,366.0,56.0,228.0,306.0
63.3,206.0,577.0,558.0,443.0,0.0,0.0,108.0,371.0,7.0,0.0,306.0,681.0,94.0,25.0,100.0,371.0
63.4,222.0,702.0,920.0,1011.0,0.0,0.0,171.0,176.0,2.0,0.0,674.0,763.0,11.0,70.0,23.0,176.0
63.5,318.0,525.0,835.0,1120.0,0.0,0.0,337.0,93.0,17.0,0.0,599.0,295.0,21.0,147.0,15.0,93.0
63.6,315.0,299.0,646.0,579.0,0.0,0.0,284.0,141.0,64.0,0.0,206.0,53.0,96.0,230.0,34.0,141.0
63.7,247.0,360.0,654.0,132.0,0.0,0.0,98.0,247.0,81.0,2.0,76.0,65.0,157.0,201.0,51.0,247.0
63.8,163.0,584.0,626.0,11.0,0.0,0.0,45.0,425.0,35.0,17.0,182.0,95.0,91.0,69.0,60.0,425.0
63.9,56.0,568.0,604.0,13.0,0.0,0.0,160.0,360.0,5.0,62.0,221.0,50.0,19.0,8.0,79.0,360.0
64.0,18.0,439.0,677.0,166.0,0.0,0.0,316.0,266.0,0.0,77.0,111.0,9.0,3.0,0.0,82.0,266.0
64.1,82.0,636.0,562.0,717.0,8.0,0.0,229.0,351.0,1.0,33.0,117.0,1.0,34.0,0.0,55.0,351.0
64.2,276.0,905.0,263.0,1068.0,112.0,0.0,93.0,236.0,7.0,5.0,195.0,0.0,196.0,1.0,33.0,236.0
64.3,464.0,607.0,110.0,548.0,513.0,0.0,56.0,70.0,27.0,0.0,126.0,0.0,425.0,10.0,14.0,70.0
64.4,622.0,174.0,66.0,97.0,812.0,0.0,32.0,31.0,34.0,0.0,30.0,0.0,521.0,35.0,10.0,31.0
64.5,722.0,55.0,79.0,9.0,442.0,0.0,12.0,31.0,15.0,0.0,23.0,1.0,698.0,45.0,46.0,31.0
64.6,632.0,100.0,112.0,59.0,83.0,0.0,3.0,25.0,3.0,15.0,85.0,11.0,599.0,20.0,148.0,25.0
64.7,421.0,145.0,76.0,346.0,5.0,0.0,1.0,14.0,10.0,167.0,124.0,29.0,204.0,3.0,223.0,14.0
64.8,182.0,139.0,77.0,725.0,0.0,0.0,0.0,5.0,45.0,644.0,73.0,28.0,42.0,1.0,186.0,5.0
64.9,58.0,111.0,173.0,588.0,0.0,0.0,1.0,3.0,68.0,854.0,28.0,21.0,155.0,9.0,145.0,3.0
65.0,14.0,126.0,194.0,212.0,0.0,0.0,2.0,3.0,38.0,393.0,9.0,49.0,518.0,61.0,95.0,3.0
65.1,8.0,150.0,99.0,37.0,0.0,0.0,3.0,4.0,22.0,92.0,1.0,86.0,804.0,153.0,56.0,4.0
65.2,25.0,169.0,51.0,4.0,0.0,0.0,10.0,5.0,36.0,142.0,0.0,73.0,798.0,182.0,44.0,5.0
65.3,55.0,180.0,94.0,11.0,3.0,0.0,42.0,3.0,28.0,218.0,1.0,25.0,474.0,143.0,40.0,3.0
65.4,81.0,205.0,170.0,29.0,14.0,0.0,83.0,5.0,13.0,118.0,7.0,3.0,126.0,64.0,56.0,5.0
65.5,128.0,250.0,310.0,25.0,25.0,21.0,68.0,32.0,36.0,22.0,24.0,0.0,49.0,12.0,51.0,32.0
65.6,188.0,344.0,576.0,8.0,15.0,225.0,23.0,89.0,83.0,1.0,29.0,0.0,153.0,4.0,48.0,89.0
65.7,148.0,458.0,750.0,1.0,3.0,836.0,3.0,94.0,155.0,0.0,12.0,2.0,298.0,24.0,54.0,94.0
65.8,122.0,504.0,501.0,0.0,0.0,1069.0,0.0,45.0,306.0,0.0,2.0,18.0,573.0,62.0,37.0,45.0
65.9,196.0,437.0,185.0,0.0,0.0,472.0,0.0,12.0,293.0,0.0,5.0,68.0,887.0,57.0,16.0,12.0
66.0,173.0,238.0,85.0,0.0,0.0,72.0,4.0,2.0,103.0,7.0,36.0,102.0,596.0,26.0,17.0,2.0
66.1,86.0,70.0,173.0,0.0,0.0,4.0,18.0,10.0,13.0,55.0,94.0,160.0,269.0,30.0,78.0,10.0
66.2,76.0,17.0,281.0,14.0,0.0,0.0,29.0,44.0,0.0,144.0,102.0,323.0,317.0,34.0,152.0,44.0
66.3,214.0,45.0,167.0,108.0,0.0,0.0,16.0,64.0,0.0,130.0,103.0,285.0,435.0,23.0,115.0,64.0
66.4,369.0,87.0,40.0,294.0,1.0,0.0,4.0,33.0,0.0,41.0,161.0,88.0,522.0,23.0,75.0,33.0
66.5,391.0,66.0,22.0,276.0,4.0,0.0,7.0,8.0,0.0,4.0,165.0,9.0,549.0,41.0,131.0,8.0
66.6,364.0,47.0,46.0,90.0,8.0,0.0,18.0,5.0,0.0,0.0,88.0,0.0,570.0,47.0,176.0,5.0
66.7,186.0,73.0,78.0,10.0,5.0,0.0,17.0,12.0,0.0,0.0,29.0,0.0,351.0,21.0,131.0,12.0
66.8,52.0,101.0,56.0,0.0,1.0,0.0,8.0,21.0,0.0,0.0,6.0,0.0,217.0,9.0,60.0,21.0
66.9,109.0,162.0,17.0,0.0,0.0,0.0,11.0,15.0,10.0,11.0,0.0,2.0,216.0,19.0,16.0,15.0
67.0,311.0,266.0,60.0,19.0,0.0,0.0,29.0,16.0,74.0,110.0,2.0,24.0,135.0,71.0,24.0,16.0
67.1,379.0,434.0,394.0,201.0,0.0,0.0,44.0,42.0,196.0,400.0,26.0,123.0,206.0,201.0,97.0,42.0
67.2,237.0,565.0,1019.0,757.0,0.0,0.0,36.0,58.0,178.0,512.0,109.0,212.0,537.0,226.0,189.0,58.0
67.3,166.0,435.0,1108.0,1089.0,0.0,0.0,22.0,37.0,56.0,228.0,156.0,127.0,594.0,126.0,256.0,37.0
67.4,159.0,166.0,626.0,634.0,6.0,0.0,70.0,20.0,13.0,35.0,77.0,41.0,236.0,180.0,227.0,20.0
67.5,131.0,181.0,206.0,153.0,80.0,0.0,193.0,68.0,57.0,2.0,13.0,85.0,75.0,328.0,96.0,68.0
67.6,81.0,491.0,66.0,15.0,371.0,0.0,214.0,183.0,159.0,0.0,1.0,156.0,320.0,284.0,29.0,183.0
67.7,71.0,672.0,281.0,7.0,594.0,0.0,118.0,198.0,153.0,0.0,0.0,101.0,864.0,117.0,46.0,198.0
67.8,126.0,440.0,810.0,102.0,329.0,0.0,43.0,106.0,51.0,0.0,0.0,23.0,912.0,39.0,61.0,106.0
67.9,209.0,172.0,966.0,520.0,63.0,0.0,32.0,48.0,6.0,1.0,4.0,2.0,480.0,12.0,32.0,48.0
68.0,250.0,225.0,560.0,918.0,4.0,5.0,60.0,14.0,0.0,11.0,50.0,0.0,191.0,11.0,9.0,14.0
68.1,279.0,370.0,205.0,585.0,0.0,22.0,62.0,4.0,0.0,47.0,213.0,0.0,53.0,38.0,5.0,4.0
68.2,297.0,396.0,112.0,209.0,0.0,67.0,123.0,39.0,0.0,73.0,313.0,0.0,57.0,57.0,13.0,39.0
68.3,255.0,538.0,67.0,119.0,0.0,278.0,274.0,231.0,0.0,58.0,162.0,0.0,172.0,30.0,26.0,231.0
68.4,215.0,523.0,40.0,107.0,0.0,616.0,238.0,480.0,3.0,63.0,52.0,0.0,237.0,6.0,31.0,480.0
68.5,255.0,242.0,62.0,372.0,13.0,493.0,78.0,365.0,9.0,55.0,65.0,0.0,230.0,1.0,28.0,365.0
68.6,240.0,79.0,60.0,762.0,142.0,137.0,20.0,123.0,10.0,19.0,58.0,2.0,181.0,5.0,35.0,123.0
68.7,203.0,69.0,61.0,687.0,544.0,14.0,17.0,39.0,4.0,2.0,19.0,9.0,113.0,19.0,48.0,39.0
68.8,211.0,107.0,217.0,388.0,721.0,2.0,14.0,24.0,1.0,0.0,3.0,15.0,217.0,27.0,40.0,24.0
68.9,161.0,126.0,388.0,206.0,331.0,3.0,6.0,22.0,0.0,0.0,7.0,9.0,376.0,24.0,25.0,22.0
69.0,171.0,124.0,255.0,185.0,53.0,2.0,3.0,14.0,0.0,0.0,69.0,2.0,546.0,17.0,21.0,14.0
69.1,206.0,215.0,68.0,121.0,3.0,0.0,4.0,19.0,1.0,0.0,311.0,0.0,635.0,14.0,21.0,19.0
69.2,147.0,271.0,25.0,31.0,0.0,0.0,6.0,29.0,4.0,0.0,560.0,0.0,385.0,13.0,25.0,29.0
69.3,57.0,159.0,32.0,4.0,0.0,0.0,22.0,26.0,19.0,0.0,610.0,2.0,154.0,6.0,44.0,26.0
69.4,24.0,81.0,34.0,1.0,0.0,0.0,41.0,48.0,69.0,0.0,596.0,8.0,45.0,3.0,50.0,48.0
69.5,54.0,103.0,31.0,1.0,0.0,0.0,39.0,81.0,111.0,5.0,355.0,10.0,9.0,13.0,56.0,81.0
69.6,94.0,110.0,36.0,0.0,0.0,0.0,37.0,71.0,64.0,27.0,218.0,7.0,28.0,23.0,107.0,71.0
69.7,87.0,65.0,68.0,0.0,3.0,0.0,40.0,47.0,17.0,49.0,227.0,30.0,90.0,14.0,141.0,47.0
69.8,47.0,39.0,85.0,0.0,7.0,0.0,62.0,54.0,37.0,31.0,208.0,87.0,168.0,3.0,188.0,54.0
69.9,63.0,44.0,46.0,0.0,7.0,0.0,68.0,58.0,121.0,7.0,110.0,88.0,219.0,0.0,206.0,58.0
70.0,109.0,65.0,13.0,0.0,3.0,0.0,42.0,53.0,142.0,1.0,24.0,31.0,147.0,0.0,110.0,53.0
70.1,90.0,61.0,10.0,0.0,0.0,0.0,24.0,38.0,59.0,0.0,2.0,8.0,55.0,0.0,64.0,38.0
70.2,50.0,31.0,15.0,0.0,0.0,1.0,9.0,21.0,22.0,0.0,3.0,48.0,88.0,0.0,94.0,21.0
70.3,34.0,17.0,14.0,0.0,0.0,21.0,5.0,15.0,74.0,0.0,18.0,198.0,303.0,1.0,114.0,15.0
70.4,20.0,27.0,8.0,0.0,0.0,154.0,39.0,15.0,143.0,5.0,47.0,285.0,491.0,14.0,106.0,15.0
70.5,17.0,37.0,5.0,0.0,0.0,394.0,187.0,38.0,103.0,54.0,56.0,146.0,476.0,56.0,105.0,38.0
70.6,21.0,42.0,4.0,0.0,1.0,349.0,322.0,159.0,28.0,187.0,63.0,40.0,382.0,86.0,137.0,159.0
70.7,36.0,64.0,12.0,13.0,15.0,108.0,196.0,290.0,3.0,226.0,58.0,66.0,175.0,56.0,152.0,290.0
70.8,105.0,185.0,106.0,174.0,90.0,12.0,56.0,199.0,4.0,95.0,22.0,106.0,53.0,36.0,198.0,199.0
70.9,249.0,386.0,412.0,829.0,182.0,0.0,55.0,117.0,42.0,14.0,3.0,62.0,59.0,25.0,193.0,117.0
71.0,261.0,475.0,607.0,1374.0,129.0,0.0,77.0,234.0,172.0,1.0,0.0,13.0,138.0,10.0,125.0,234.0
71.1,212.0,662.0,384.0,794.0,32.0,0.0,121.0,267.0,342.0,0.0,0.0,1.0,215.0,25.0,113.0,267.0
71.2,397.0,626.0,412.0,163.0,3.0,0.0,195.0,119.0,304.0,0.0,0.0,0.0,233.0,111.0,93.0,119.0
71.3,461.0,284.0,857.0,35.0,0.0,0.0,174.0,39.0,106.0,0.0,0.0,7.0,129.0,232.0,43.0,39.0
71.4,202.0,158.0,1025.0,54.0,0.0,0.0,182.0,96.0,13.0,0.0,0.0,63.0,37.0,239.0,15.0,96.0
71.5,39.0,254.0,816.0,45.0,0.0,0.0,325.0,246.0,1.0,0.0,0.0,194.0,85.0,114.0,13.0,246.0
71.6,68.0,335.0,679.0,33.0,0.0,0.0,472.0,340.0,0.0,0.0,0.0,209.0,318.0,22.0,18.0,340.0
71.7,231.0,217.0,609.0,49.0,0.0,0.0,340.0,354.0,0.0,0.0,0.0,78.0,463.0,2.0,35.0,354.0
71.8,312.0,139.0,378.0,36.0,0.0,0.0,105.0,601.0,0.0,0.0,0.0,10.0,278.0,0.0,171.0,601.0
71.9,241.0,296.0,277.0,11.0,0.0,0.0,28.0,629.0,0.0,0.0,7.0,0.0,104.0,3.0,510.0,629.0
72.0,200.0,706.0,200.0,11.0,0.0,0.0,18.0,250.0,0.0,1.0,64.0,0.0,67.0,12.0,603.0,250.0
72.1,193.0,897.0,162.0,46.0,0.0,0.0,19.0,46.0,0.0,19.0,216.0,0.0,155.0,22.0,333.0,46.0
72.2,140.0,749.0,221.0,121.0,0.0,0.0,33.0,20.0,0.0,129.0,297.0,0.0,381.0,14.0,200.0,20.0
72.3,51.0,498.0,229.0,182.0,0.0,0.0,41.0,21.0,0.0,319.0,422.0,0.0,526.0,3.0,161.0,21.0
72.4,15.0,211.0,156.0,122.0,0.0,0.0,43.0,20.0,0.0,383.0,889.0,0.0,402.0,2.0,114.0,20.0
72.5,8.0,72.0,73.0,30.0,0.0,0.0,69.0,38.0,0.0,452.0,847.0,0.0,291.0,13.0,117.0,38.0
72.6,4.0,35.0,22.0,3.0,0.0,0.0,87.0,94.0,0.0,379.0,289.0,0.0,171.0,55.0,168.0,94.0
72.7,11.0,53.0,3.0,0.0,1.0,0.0,100.0,129.0,0.0,127.0,75.0,0.0,88.0,89.0,164.0,129.0
72.8,35.0,88.0,1.0,0.0,21.0,0.0,117.0,138.0,3.0,15.0,235.0,1.0,69.0,53.0,75.0,138.0
72.9,49.0,131.0,14.0,1.0,137.0,0.0,86.0,190.0,41.0,0.0,473.0,22.0,106.0,32.0,21.0,190.0
73.0,39.0,170.0,104.0,9.0,316.0,0.0,54.0,171.0,233.0,0.0,337.0,152.0,173.0,71.0,10.0,171.0
73.1,30.0,130.0,321.0,35.0,256.0,0.0,47.0,71.0,462.0,0.0,100.0,383.0,123.0,105.0,8.0,71.0
73.2,37.0,91.0,378.0,45.0,73.0,0.0,28.0,39.0,330.0,0.0,38.0,396.0,39.0,101.0,19.0,39.0
73.3,45.0,86.0,176.0,20.0,7.0,0.0,7.0,55.0,179.0,0.0,33.0,431.0,10.0,78.0,39.0,55.0
73.4,30.0,120.0,84.0,3.0,0.0,0.0,3.0,44.0,431.0,0.0,74.0,578.0,50.0,95.0,60.0,44.0
73.5,21.0,228.0,94.0,0.0,0.0,0.0,14.0,15.0,631.0,5.0,111.0,350.0,211.0,143.0,65.0,15.0
73.6,34.0,221.0,60.0,0.0,0.0,0.0,30.0,14.0,334.0,31.0,61.0,83.0,347.0,173.0,74.0,14.0
73.7,52.0,89.0,33.0,0.0,0.0,0.0,31.0,30.0,74.0,72.0,12.0,9.0,277.0,151.0,115.0,30.0
73.8,48.0,27.0,25.0,0.0,1.0,0.0,27.0,24.0,26.0,61.0,1.0,0.0,189.0,112.0,111.0,24.0
73.9,85.0,15.0,14.0,0.0,13.0,0.0,26.0,10.0,49.0,44.0,0.0,0.0,99.0,87.0,45.0,10.0
74.0,229.0,19.0,20.0,0.0,48.0,5.0,16.0,24.0,76.0,78.0,2.0,1.0,38.0,67.0,21.0,24.0
74.1,299.0,54.0,40.0,10.0,64.0,47.0,13.0,59.0,45.0,75.0,13.0,9.0,139.0,45.0,60.0,59.0
74.2,199.0,77.0,35.0,86.0,30.0,153.0,19.0,68.0,10.0,26.0,50.0,36.0,462.0,36.0,111.0,68.0
74.3,122.0,48.0,15.0,249.0,5.0,256.0,17.0,68.0,1.0,3.0,78.0,52.0,616.0,74.0,91.0,68.0
74.4,163.0,15.0,4.0,258.0,0.0,503.0,9.0,56.0,0.0,0.0,44.0,27.0,528.0,130.0,62.0,56.0
74.5,214.0,31.0,6.0,139.0,0.0,720.0,5.0,20.0,0.0,0.0,9.0,6.0,487.0,113.0,118.0,20.0
74.6,181.0,198.0,65.0,364.0,0.0,405.0,6.0,4.0,0.0,0.0,1.0,2.0,531.0,40.0,154.0,4.0
74.7,141.0,516.0,306.0,933.0,0.0,81.0,11.0,5.0,0.0,0.0,0.0,0.0,580.0,6.0,128.0,5.0
74.8,215.0,561.0,728.0,873.0,0.0,6.0,21.0,14.0,0.0,0.0,0.0,0.0,373.0,1.0,154.0,14.0
74.9,250.0,312.0,898.0,288.0,2.0,0.0,30.0,41.0,0.0,10.0,0.0,0.0,352.0,3.0,137.0,41.0
75.0,186.0,160.0,524.0,34.0,13.0,0.0,21.0,67.0,0.0,75.0,0.0,0.0,692.0,4.0,90.0,67.0
75.1,100.0,144.0,177.0,23.0,27.0,0.0,6.0,68.0,7.0,201.0,0.0,0.0,750.0,3.0,133.0,68.0
75.2,54.0,118.0,204.0,187.0,19.0,0.0,5.0,59.0,58.0,191.0,0.0,1.0,327.0,1.0,175.0,59.0
75.3,126.0,54.0,302.0,536.0,5.0,0.0,21.0,41.0,167.0,64.0,0.0,7.0,66.0,1.0,96.0,41.0
75.4,215.0,58.0,175.0,543.0,0.0,0.0,38.0,31.0,176.0,8.0,0.0,18.0,103.0,4.0,21.0,31.0
75.5,158.0,181.0,55.0,197.0,0.0,0.0,26.0,46.0,68.0,3.0,0.0,18.0,320.0,8.0,5.0,46.0
75.6,81.0,308.0,55.0,57.0,0.0,0.0,14.0,40.0,19.0,42.0,0.0,19.0,518.0,18.0,15.0,40.0
75.7,138.0,234.0,83.0,148.0,0.0,0.0,24.0,13.0,70.0,189.0,0.0,71.0,617.0,26.0,29.0,13.0
75.8,378.0,117.0,89.0,243.0,0.0,0.0,55.0,3.0,178.0,313.0,2.0,138.0,500.0,29.0,21.0,3.0
75.9,457.0,112.0,69.0,152.0,13.0,0.0,123.0,5.0,161.0,189.0,29.0,97.0,481.0,30.0,7.0,5.0
76.0,233.0,243.0,99.0,44.0,104.0,0.0,124.0,11.0,52.0,42.0,191.0,49.0,716.0,27.0,12.0,11.0
76.1,97.0,484.0,246.0,10.0,307.0,0.0,59.0,28.0,7.0,3.0,457.0,132.0,718.0,19.0,37.0,28.0
76.2,159.0,444.0,282.0,3.0,320.0,0.0,37.0,89.0,13.0,0.0,460.0,242.0,669.0,28.0,66.0,89.0
76.3,237.0,171.0,146.0,14.0,119.0,3.0,64.0,146.0,88.0,1.0,329.0,162.0,727.0,34.0,64.0,146.0
76.4,190.0,42.0,86.0,76.0,16.0,19.0,186.0,177.0,287.0,16.0,273.0,39.0,511.0,18.0,40.0,177.0
76.5,168.0,36.0,112.0,152.0,1.0,44.0,250.0,327.0,436.0,77.0,227.0,3.0,219.0,8.0,37.0,327.0
76.6,160.0,80.0,103.0,115.0,0.0,38.0,130.0,407.0,277.0,129.0,176.0,0.0,213.0,16.0,52.0,407.0
76.7,84.0,118.0,52.0,58.0,0.0,11.0,48.0,223.0,67.0,77.0,73.0,8.0,215.0,30.0,96.0,223.0
76.8,31.0,85.0,75.0,46.0,0.0,1.0,38.0,84.0,6.0,20.0,14.0,70.0,164.0,46.0,117.0,84.0
76.9,20.0,45.0,148.0,21.0,6.0,0.0,30.0,47.0,0.0,38.0,19.0,222.0,105.0,54.0,95.0,47.0
77.0,23.0,70.0,141.0,4.0,66.0,0.0,38.0,23.0,0.0,132.0,46.0,251.0,32.0,33.0,120.0,23.0
77.1,41.0,117.0,87.0,0.0,269.0,0.0,32.0,26.0,14.0,171.0,43.0,101.0,4.0,12.0,119.0,26.0
77.2,45.0,124.0,48.0,4.0,388.0,1.0,10.0,54.0,123.0,79.0,20.0,14.0,0.0,8.0,82.0,54.0
77.3,32.0,127.0,93.0,34.0,200.0,11.0,2.0,47.0,387.0,13.0,18.0,4.0,2.0,9.0,84.0,47.0
77.4,43.0,202.0,249.0,102.0,37.0,32.0,2.0,15.0,452.0,1.0,18.0,41.0,27.0,19.0,68.0,15.0
77.5,96.0,297.0,305.0,110.0,2.0,35.0,17.0,3.0,244.0,3.0,31.0,206.0,177.0,62.0,26.0,3.0
77.6,132.0,229.0,203.0,43.0,0.0,22.0,80.0,12.0,103.0,11.0,110.0,368.0,442.0,117.0,14.0,12.0
77.7,109.0,101.0,108.0,6.0,0.0,112.0,148.0,61.0,35.0,12.0,368.0,236.0,487.0,104.0,20.0,61.0
77.8,74.0,93.0,45.0,2.0,0.0,492.0,105.0,143.0,43.0,5.0,578.0,67.0,413.0,39.0,44.0,143.0
77.9,52.0,108.0,21.0,25.0,0.0,791.0,31.0,200.0,145.0,1.0,340.0,59.0,361.0,10.0,79.0,200.0
78.0,82.0,73.0,35.0,172.0,6.0,455.0,11.0,164.0,206.0,0.0,100.0,93.0,416.0,22.0,75.0,164.0
78.1,161.0,85.0,99.0,578.0,31.0,94.0,16.0,63.0,112.0,0.0,209.0,87.0,548.0,39.0,48.0,63.0
78.2,176.0,175.0,184.0,915.0,59.0,7.0,11.0,17.0,24.0,0.0,566.0,48.0,433.0,42.0,27.0,17.0
78.3,117.0,236.0,276.0,831.0,40.0,0.0,3.0,13.0,9.0,0.0,652.0,40.0,235.0,64.0,11.0,13.0
78.4,72.0,277.0,491.0,437.0,10.0,0.0,0.0,7.0,17.0,0.0,378.0,115.0,166.0,71.0,6.0,7.0
78.5,87.0,325.0,618.0,125.0,1.0,0.0,1.0,3.0,13.0,0.0,125.0,157.0,168.0,31.0,16.0,3.0
78.6,109.0,249.0,443.0,62.0,0.0,0.0,6.0,6.0,4.0,0.0,19.0,78.0,92.0,6.0,67.0,6.0
78.7,97.0,145.0,274.0,55.0,0.0,1.0,36.0,12.0,0.0,0.0,2.0,14.0,25.0,9.0,148.0,12.0
78.8,148.0,147.0,251.0,60.0,0.0,15.0,81.0,9.0,0.0,0.0,12.0,1.0,15.0,48.0,180.0,9.0
78.9,217.0,252.0,177.0,97.0,0.0,87.0,71.0,8.0,0.0,0.0,50.0,0.0,14.0,103.0,124.0,8.0
79.0,166.0,353.0,143.0,72.0,4.0,175.0,27.0,26.0,2.0,0.0,76.0,0.0,6.0,85.0,45.0,26.0
79.1,82.0,292.0,151.0,20.0,27.0,128.0,13.0,53.0,13.0,1.0,42.0,0.0,9.0,48.0,10.0,53.0
79.2,111.0,194.0,87.0,7.0,65.0,34.0,32.0,82.0,42.0,11.0,8.0,0.0,48.0,44.0,12.0,82.0
79.3,199.0,150.0,26.0,62.0,56.0,3.0,77.0,88.0,57.0,58.0,1.0,0.0,122.0,48.0,34.0,88.0
79.4,254.0,100.0,11.0,285.0,18.0,0.0,107.0,43.0,30.0,109.0,2.0,5.0,182.0,58.0,61.0,43.0
79.5,288.0,115.0,23.0,484.0,2.0,0.0,79.0,9.0,6.0,74.0,10.0,30.0,215.0,48.0,127.0,9.0
79.6,266.0,161.0,78.0,315.0,0.0,0.0,49.0,19.0,0.0,18.0,17.0,63.0,150.0,26.0,162.0,19.0
79.7,185.0,193.0,195.0,101.0,0.0,0.0,43.0,93.0,3.0,6.0,13.0,47.0,82.0,18.0,87.0,93.0
79.8,118.0,214.0,234.0,76.0,0.0,0.0,43.0,179.0,27.0,69.0,14.0,13.0,270.0,20.0,27.0,179.0
79.9,131.0,162.0,131.0,92.0,0.0,0.0,76.0,171.0,103.0,390.0,36.0,1.0,685.0,21.0,18.0,171.0
80.0,171.0,100.0,61.0,46.0,0.0,0.0,89.0,151.0,144.0,826.0,42.0,5.0,750.0,28.0,23.0,151.0
80.1,139.0,110.0,98.0,8.0,0.0,0.0,48.0,130.0,73.0,659.0,28.0,41.0,469.0,47.0,23.0,130.0
80.2,90.0,94.0,213.0,1.0,0.0,0.0,26.0,62.0,13.0,197.0,34.0,118.0,237.0,60.0,15.0,62.0
80.3,88.0,50.0,198.0,0.0,0.0,0.0,28.0,14.0,1.0,22.0,40.0,122.0,109.0,52.0,42.0,14.0
80.4,63.0,35.0,78.0,0.0,0.0,0.0,17.0,6.0,0.0,0.0,52.0,46.0,65.0,59.0,149.0,6.0
80.5,20.0,42.0,27.0,0.0,0.0,0.0,5.0,23.0,0.0,5.0,104.0,6.0,86.0,66.0,231.0,23.0
80.6,6.0,104.0,25.0,0.0,0.0,0.0,7.0,41.0,0.0,65.0,137.0,0.0,312.0,55.0,230.0,41.0
80.7,24.0,157.0,38.0,0.0,0.0,0.0,34.0,32.0,0.0,298.0,95.0,0.0,745.0,50.0,246.0,32.0
80.8,101.0,146.0,60.0,0.0,0.0,0.0,73.0,35.0,5.0,501.0,47.0,0.0,799.0,28.0,203.0,35.0
80.9,205.0,103.0,75.0,0.0,0.0,0.0,63.0,79.0,46.0,307.0,29.0,2.0,343.0,14.0,103.0,79.0
81.0,227.0,66.0,60.0,0.0,1.0,0.0,26.0,82.0,151.0,72.0,46.0,11.0,58.0,13.0,62.0,82.0
81.1,190.0,61.0,36.0,0.0,7.0,0.0,8.0,35.0,195.0,27.0,48.0,29.0,22.0,8.0,78.0,35.0
81.2,138.0,40.0,14.0,3.0,23.0,0.0,7.0,15.0,114.0,102.0,19.0,44.0,100.0,8.0,84.0,15.0
81.3,85.0,18.0,5.0,24.0,29.0,3.0,7.0,11.0,103.0,198.0,8.0,101.0,324.0,38.0,111.0,11.0
81.4,90.0,22.0,3.0,75.0,13.0,14.0,6.0,5.0,145.0,142.0,46.0,213.0,461.0,88.0,131.0,5.0
81.5,90.0,41.0,4.0,125.0,2.0,26.0,12.0,2.0,133.0,38.0,158.0,245.0,258.0,78.0,118.0,2.0
81.6,40.0,64.0,35.0,229.0,0.0,17.0,20.0,6.0,155.0,4.0,199.0,137.0,119.0,30.0,112.0,6.0
81.7,9.0,67.0,142.0,300.0,0.0,4.0,19.0,28.0,147.0,0.0,94.0,32.0,310.0,13.0,88.0,28.0
81.8,9.0,43.0,223.0,162.0,0.0,0.0,13.0,55.0,162.0,1.0,21.0,3.0,534.0,22.0,104.0,55.0
81.9,33.0,44.0,133.0,32.0,0.0,0.0,5.0,44.0,402.0,11.0,6.0,0.0,376.0,28.0,112.0,44.0
82.0,99.0,148.0,56.0,2.0,1.0,0.0,2.0,17.0,505.0,72.0,1.0,0.0,150.0,18.0,54.0,17.0
82.1,166.0,279.0,108.0,2.0,10.0,0.0,3.0,4.0,237.0,180.0,2.0,0.0,195.0,33.0,17.0,4.0
82.2,182.0,224.0,154.0,35.0,38.0,0.0,3.0,1.0,41.0,165.0,26.0,5.0,376.0,91.0,37.0,1.0
82.3,119.0,89.0,130.0,260.0,53.0,0.0,2.0,4.0,3.0,56.0,111.0,54.0,311.0,104.0,85.0,4.0
82.4,42.0,34.0,160.0,706.0,27.0,0.0,5.0,5.0,0.0,7.0,175.0,227.0,143.0,49.0,84.0,5.0
82.5,30.0,22.0,143.0,708.0,5.0,0.0,15.0,7.0,0.0,0.0,112.0,352.0,216.0,18.0,37.0,7.0
82.6,38.0,37.0,53.0,264.0,0.0,0.0,32.0,16.0,0.0,0.0,66.0,201.0,332.0,17.0,18.0,16.0
82.7,45.0,74.0,16.0,53.0,0.0,0.0,53.0,31.0,0.0,0.0,61.0,42.0,201.0,29.0,43.0,31.0
82.8,71.0,79.0,32.0,69.0,0.0,0.0,48.0,58.0,0.0,0.0,34.0,3.0,47.0,41.0,67.0,58.0
82.9,90.0,64.0,56.0,112.0,0.0,0.0,18.0,78.0,1.0,0.0,37.0,0.0,28.0,33.0,43.0,78.0
83.0,68.0,86.0,52.0,94.0,0.0,0.0,4.0,50.0,6.0,0.0,95.0,0.0,123.0,21.0,18.0,50.0
83.1,74.0,172.0,95.0,53.0,5.0,0.0,10.0,15.0,18.0,1.0,159.0,0.0,317.0,25.0,33.0,15.0
83.2,122.0,261.0,237.0,94.0,23.0,0.0,51.0,3.0,20.0,8.0,147.0,4.0,413.0,17.0,63.0,3.0
83.3,170.0,207.0,257.0,362.0,35.0,0.0,101.0,8.0,9.0,33.0,60.0,15.0,271.0,7.0,84.0,8.0
83.4,187.0,91.0,113.0,591.0,20.0,0.0,81.0,29.0,9.0,49.0,19.0,20.0,195.0,14.0,92.0,29.0
83.5,111.0,51.0,27.0,386.0,4.0,0.0,28.0,41.0,44.0,27.0,50.0,12.0,228.0,25.0,120.0,41.0
83.6,35.0,70.0,14.0,133.0,0.0,0.0,6.0,36.0,97.0,5.0,100.0,18.0,158.0,19.0,190.0,36.0
83.7,17.0,80.0,33.0,36.0,0.0,0.0,7.0,51.0,80.0,0.0,75.0,46.0,125.0,20.0,196.0,51.0
83.8,31.0,72.0,77.0,7.0,0.0,0.0,21.0,73.0,25.0,0.0,22.0,51.0,226.0,56.0,182.0,73.0
83.9,41.0,51.0,132.0,1.0,0.0,0.0,66.0,51.0,3.0,3.0,7.0,27.0,225.0,124.0,155.0,51.0
84.0,40.0,35.0,192.0,0.0,2.0,0.0,131.0,20.0,6.0,24.0,8.0,47.0,95.0,182.0,69.0,20.0
84.1,74.0,57.0,174.0,0.0,25.0,0.0,127.0,32.0,41.0,76.0,8.0,113.0,36.0,161.0,23.0,32.0
84.2,108.0,115.0,152.0,0.0,114.0,0.0,64.0,102.0,107.0,99.0,25.0,107.0,66.0,74.0,44.0,102.0
84.3,106.0,133.0,211.0,1.0,190.0,0.0,19.0,201.0,134.0,51.0,80.0,38.0,148.0,16.0,82.0,201.0
84.4,117.0,92.0,202.0,3.0,119.0,0.0,5.0,183.0,118.0,10.0,120.0,5.0,162.0,6.0,75.0,183.0
84.5,155.0,71.0,153.0,4.0,28.0,2.0,4.0,73.0,79.0,1.0,99.0,0.0,83.0,17.0,63.0,73.0
84.6,201.0,80.0,106.0,3.0,2.0,33.0,4.0,20.0,30.0,0.0,86.0,1.0,31.0,22.0,58.0,20.0
84.7,169.0,74.0,46.0,15.0,0.0,168.0,5.0,17.0,5.0,0.0,65.0,11.0,71.0,12.0,55.0,17.0
84.8,119.0,59.0,55.0,137.0,0.0,324.0,5.0,23.0,0.0,0.0,57.0,33.0,308.0,12.0,57.0,23.0
84.9,165.0,76.0,96.0,491.0,0.0,236.0,2.0,17.0,0.0,0.0,93.0,39.0,595.0,31.0,61.0,17.0
85.0,222.0,107.0,71.0,676.0,4.0,64.0,1.0,8.0,0.0,4.0,140.0,17.0,561.0,45.0,85.0,8.0
85.1,165.0,114.0,53.0,436.0,49.0,7.0,3.0,4.0,2.0,17.0,140.0,3.0,353.0,31.0,128.0,4.0
85.2,98.0,164.0,205.0,364.0,229.0,0.0,6.0,3.0,16.0,60.0,65.0,0.0,155.0,10.0,138.0,3.0
85.3,105.0,268.0,488.0,348.0,406.0,0.0,13.0,5.0,46.0,221.0,25.0,0.0,36.0,2.0,94.0,5.0
85.4,100.0,297.0,497.0,149.0,271.0,0.0,27.0,15.0,50.0,390.0,79.0,0.0,17.0,1.0,60.0,15.0
85.5,75.0,194.0,298.0,24.0,68.0,0.0,34.0,42.0,21.0,267.0,174.0,0.0,68.0,8.0,44.0,42.0
85.6,78.0,136.0,179.0,2.0,6.0,1.0,43.0,62.0,16.0,69.0,167.0,3.0,182.0,25.0,39.0,62.0
85.7,71.0,162.0,78.0,8.0,0.0,10.0,78.0,59.0,51.0,8.0,106.0,18.0,253.0,33.0,35.0,59.0
85.8,54.0,246.0,64.0,56.0,0.0,60.0,128.0,63.0,79.0,14.0,87.0,48.0,216.0,26.0,46.0,63.0
85.9,54.0,409.0,189.0,152.0,0.0,145.0,157.0,52.0,47.0,46.0,111.0,48.0,266.0,24.0,63.0,52.0
86.0,63.0,401.0,376.0,156.0,1.0,200.0,97.0,24.0,10.0,56.0,101.0,19.0,348.0,22.0,55.0,24.0
86.1,99.0,234.0,495.0,61.0,7.0,288.0,24.0,9.0,1.0,33.0,40.0,6.0,286.0,9.0,65.0,9.0
86.2,144.0,108.0,390.0,9.0,35.0,286.0,2.0,25.0,0.0,48.0,16.0,23.0,253.0,2.0,119.0,25.0
86.3,177.0,100.0,202.0,1.0,65.0,119.0,0.0,109.0,3.0,93.0,34.0,57.0,277.0,0.0,135.0,109.0
86.4,169.0,143.0,115.0,2.0,45.0,19.0,1.0,191.0,21.0,76.0,47.0,58.0,215.0,3.0,81.0,191.0
86.5,127.0,148.0,54.0,3.0,12.0,1.0,3.0,128.0,64.0,25.0,36.0,47.0,81.0,11.0,33.0,128.0
86.6,135.0,197.0,66.0,2.0,1.0,0.0,11.0,33.0,82.0,5.0,79.0,67.0,46.0,16.0,14.0,33.0
86.7,198.0,263.0,232.0,1.0,0.0,0.0,17.0,4.0,82.0,2.0,218.0,77.0,174.0,27.0,18.0,4.0
86.8,170.0,266.0,465.0,0.0,0.0,0.0,10.0,5.0,148.0,1.0,289.0,51.0,339.0,63.0,43.0,5.0
86.9,127.0,341.0,475.0,0.0,0.0,0.0,2.0,11.0,211.0,0.0,192.0,16.0,267.0,75.0,74.0,11.0
87.0,188.0,452.0,245.0,0.0,1.0,4.0,0.0,9.0,168.0,0.0,195.0,2.0,123.0,36.0,99.0,9.0
87.1,312.0,398.0,72.0,1.0,8.0,38.0,0.0,3.0,84.0,0.0,301.0,0.0,220.0,7.0,102.0,3.0
87.2,314.0,219.0,91.0,8.0,37.0,125.0,0.0,1.0,28.0,3.0,231.0,6.0,475.0,3.0,121.0,1.0
87.3,164.0,112.0,274.0,17.0,71.0,159.0,2.0,1.0,5.0,33.0,78.0,41.0,592.0,11.0,174.0,1.0
87.4,66.0,124.0,430.0,15.0,51.0,77.0,14.0,5.0,1.0,139.0,12.0,119.0,542.0,35.0,217.0,5.0
87.5,42.0,155.0,490.0,5.0,14.0,15.0,62.0,9.0,0.0,252.0,1.0,134.0,468.0,47.0,195.0,9.0
87.6,40.0,131.0,450.0,1.0,2.0,1.0,109.0,6.0,2.0,210.0,0.0,62.0,406.0,35.0,109.0,6.0
87.7,43.0,99.0,228.0,0.0,0.0,0.0,81.0,5.0,5.0,84.0,0.0,19.0,306.0,35.0,57.0,5.0
87.8,31.0,95.0,59.0,0.0,0.0,0.0,35.0,33.0,4.0,16.0,0.0,7.0,242.0,34.0,57.0,33.0
87.9,13.0,132.0,13.0,0.0,0.0,5.0,17.0,127.0,2.0,1.0,1.0,3.0,204.0,22.0,52.0,127.0
88.0,5.0,204.0,24.0,0.0,0.0,30.0,14.0,200.0,1.0,0.0,2.0,5.0,324.0,14.0,33.0,200.0
88.1,4.0,261.0,98.0,0.0,0.0,67.0,20.0,132.0,4.0,4.0,1.0,7.0,552.0,15.0,34.0,132.0
88.2,5.0,285.0,169.0,0.0,0.0,57.0,25.0,44.0,21.0,19.0,1.0,4.0,543.0,13.0,32.0,44.0
88.3,16.0,209.0,117.0,0.0,0.0,19.0,17.0,30.0,38.0,38.0,10.0,2.0,263.0,10.0,24.0,30.0
88.4,63.0,114.0,42.0,18.0,0.0,2.0,8.0,46.0,27.0,37.0,54.0,8.0,105.0,25.0,43.0,46.0
88.5,137.0,104.0,37.0,143.0,0.0,0.0,12.0,39.0,9.0,17.0,109.0,28.0,226.0,52.0,60.0,39.0
88.6,189.0,93.0,59.0,468.0,0.0,0.0,19.0,22.0,13.0,3.0,88.0,40.0,431.0,61.0,61.0,22.0
88.7,176.0,92.0,59.0,668.0,0.0,0.0,15.0,14.0,42.0,1.0,43.0,23.0,429.0,67.0,58.0,14.0
88.8,147.0,166.0,65.0,515.0,0.0,0.0,10.0,13.0,54.0,11.0,62.0,18.0,260.0,71.0,43.0,13.0
88.9,110.0,258.0,203.0,264.0,0.0,0.0,9.0,17.0,28.0,76.0,132.0,39.0,100.0,48.0,45.0,17.0
89.0,71.0,237.0,493.0,86.0,4.0,0.0,5.0,19.0,6.0,203.0,224.0,46.0,65.0,16.0,98.0,19.0
89.1,83.0,121.0,572.0,38.0,45.0,2.0,4.0,13.0,0.0,221.0,209.0,37.0,226.0,2.0,142.0,13.0
89.2,150.0,78.0,298.0,57.0,222.0,29.0,6.0,15.0,1.0,101.0,83.0,61.0,542.0,1.0,110.0,15.0
89.3,233.0,147.0,81.0,166.0,430.0,203.0,6.0,37.0,15.0,27.0,13.0,94.0,607.0,4.0,49.0,37.0
89.4,219.0,215.0,21.0,317.0,327.0,565.0,7.0,46.0,78.0,9.0,3.0,75.0,324.0,15.0,14.0,46.0
89.5,113.0,170.0,23.0,252.0,97.0,616.0,13.0,25.0,157.0,3.0,21.0,27.0,129.0,28.0,8.0,25.0
89.6,43.0,94.0,54.0,84.0,11.0,264.0,22.0,9.0,127.0,0.0,82.0,4.0,129.0,44.0,17.0,9.0
89.7,57.0,85.0,67.0,45.0,0.0,44.0,31.0,7.0,41.0,0.0,128.0,0.0,145.0,59.0,31.0,7.0
89.8,142.0,125.0,52.0,226.0,0.0,3.0,38.0,17.0,5.0,0.0,79.0,0.0,146.0,45.0,50.0,17.0
89.9,224.0,153.0,43.0,749.0,0.0,0.0,70.0,43.0,0.0,1.0,20.0,0.0,201.0,19.0,60.0,43.0
90.0,207.0,121.0,53.0,1042.0,0.0,0.0,82.0,65.0,0.0,5.0,10.0,0.0,259.0,5.0,64.0,65.0
90.1,111.0,68.0,85.0,598.0,1.0,0.0,41.0,94.0,0.0,9.0,51.0,0.0,173.0,5.0,75.0,94.0
90.2,52.0,47.0,86.0,150.0,6.0,1.0,11.0,142.0,0.0,6.0,132.0,0.0,61.0,26.0,83.0,142.0
90.3,132.0,60.0,58.0,26.0,11.0,16.0,4.0,122.0,4.0,2.0,178.0,0.0,94.0,67.0,99.0,122.0
90.4,315.0,107.0,41.0,47.0,9.0,111.0,4.0,60.0,16.0,0.0,145.0,0.0,288.0,93.0,108.0,60.0
90.5,355.0,140.0,35.0,120.0,3.0,300.0,10.0,25.0,25.0,0.0,69.0,0.0,437.0,97.0,90.0,25.0
90.6,236.0,121.0,51.0,131.0,0.0,321.0,18.0,9.0,15.0,0.0,25.0,0.0,395.0,88.0,83.0,9.0
90.7,144.0,88.0,61.0,87.0,0.0,136.0,23.0,6.0,5.0,0.0,15.0,0.0,268.0,47.0,86.0,6.0
90.8,129.0,61.0,50.0,71.0,0.0,23.0,31.0,12.0,7.0,0.0,8.0,2.0,111.0,15.0,83.0,12.0
90.9,155.0,53.0,88.0,44.0,0.0,2.0,39.0,21.0,15.0,0.0,2.0,9.0,41.0,15.0,60.0,21.0
91.0,113.0,88.0,186.0,12.0,0.0,0.0,40.0,24.0,12.0,0.0,0.0,22.0,84.0,18.0,49.0,24.0
91.1,41.0,133.0,272.0,1.0,0.0,0.0,24.0,32.0,6.0,0.0,0.0,20.0,221.0,14.0,66.0,32.0
91.2,21.0,198.0,310.0,1.0,0.0,0.0,12.0,56.0,16.0,0.0,4.0,8.0,471.0,17.0,88.0,56.0
91.3,42.0,257.0,296.0,6.0,0.0,0.0,22.0,54.0,58.0,0.0,15.0,2.0,536.0,26.0,125.0,54.0
91.4,56.0,208.0,227.0,23.0,0.0,4.0,52.0,30.0,89.0,0.0,22.0,6.0,271.0,38.0,146.0,30.0
91.5,60.0,179.0,133.0,35.0,0.0,26.0,72.0,30.0,55.0,0.0,13.0,12.0,123.0,43.0,93.0,30.0
91.6,113.0,254.0,147.0,22.0,0.0,91.0,55.0,49.0,14.0,0.0,3.0,12.0,224.0,28.0,44.0,49.0
91.7,165.0,284.0,236.0,21.0,0.0,217.0,43.0,52.0,3.0,0.0,4.0,14.0,324.0,14.0,46.0,52.0
91.8,170.0,204.0,194.0,88.0,0.0,516.0,62.0,33.0,12.0,0.0,25.0,45.0,263.0,17.0,68.0,33.0
91.9,173.0,115.0,71.0,202.0,0.0,726.0,55.0,34.0,48.0,0.0,80.0,81.0,144.0,38.0,62.0,34.0
92.0,166.0,80.0,16.0,235.0,4.0,441.0,22.0,49.0,94.0,0.0,130.0,61.0,58.0,78.0,65.0,49.0
92.1,153.0,53.0,24.0,276.0,48.0,109.0,6.0,38.0,85.0,0.0,181.0,19.0,37.0,133.0,116.0,38.0
92.2,164.0,48.0,63.0,342.0,231.0,11.0,4.0,17.0,33.0,5.0,217.0,2.0,78.0,171.0,130.0,17.0
92.3,192.0,121.0,110.0,228.0,454.0,0.0,10.0,6.0,5.0,35.0,156.0,0.0,94.0,147.0,94.0,6.0
92.4,166.0,250.0,133.0,75.0,360.0,0.0,29.0,2.0,0.0,111.0,101.0,4.0,47.0,93.0,63.0,2.0
92.5,105.0,306.0,126.0,51.0,116.0,0.0,43.0,2.0,0.0,148.0,71.0,24.0,12.0,47.0,42.0,2.0
92.6,94.0,235.0,163.0,93.0,15.0,0.0,50.0,12.0,0.0,80.0,40.0,58.0,16.0,16.0,61.0,12.0
92.7,135.0,198.0,204.0,143.0,0.0,0.0,83.0,38.0,0.0,18.0,42.0,57.0,83.0,9.0,137.0,38.0
92.8,122.0,200.0,246.0,316.0,0.0,1.0,94.0,84.0,0.0,2.0,54.0,22.0,337.0,24.0,199.0,84.0
92.9,56.0,139.0,299.0,468.0,0.0,4.0,51.0,118.0,0.0,5.0,57.0,4.0,717.0,48.0,180.0,118.0
93.0,20.0,95.0,227.0,299.0,0.0,6.0,18.0,92.0,0.0,30.0,54.0,0.0,778.0,59.0,118.0,92.0
93.1,13.0,95.0,95.0,78.0,0.0,4.0,7.0,38.0,0.0,83.0,30.0,0.0,560.0,67.0,63.0,38.0
93.2,13.0,91.0,25.0,11.0,0.0,1.0,4.0,12.0,5.0,128.0,7.0,0.0,384.0,97.0,48.0,12.0
93.3,14.0,70.0,15.0,17.0,0.0,0.0,4.0,9.0,29.0,147.0,1.0,0.0,366.0,101.0,78.0,9.0
93.4,22.0,60.0,30.0,43.0,0.0,0.0,5.0,8.0,69.0,110.0,5.0,0.0,366.0,55.0,112.0,8.0
93.5,51.0,91.0,53.0,53.0,0.0,0.0,8.0,6.0,67.0,42.0,17.0,2.0,219.0,28.0,89.0,6.0
93.6,90.0,187.0,83.0,48.0,0.0,1.0,14.0,8.0,28.0,15.0,24.0,16.0,171.0,26.0,65.0,8.0
93.7,99.0,310.0,149.0,71.0,0.0,10.0,22.0,19.0,20.0,11.0,14.0,48.0,256.0,20.0,107.0,19.0
93.8,72.0,318.0,302.0,123.0,0.0,28.0,33.0,32.0,65.0,5.0,4.0,59.0,216.0,12.0,137.0,32.0
93.9,55.0,202.0,366.0,112.0,0.0,33.0,41.0,31.0,113.0,1.0,0.0,34.0,80.0,10.0,119.0,31.0
94.0,56.0,120.0,220.0,46.0,0.0,16.0,28.0,17.0,83.0,0.0,0.0,28.0,22.0,10.0,99.0,17.0
94.1,62.0,151.0,113.0,10.0,3.0,3.0,9.0,8.0,25.0,1.0,1.0,53.0,45.0,15.0,74.0,8.0
94.2,85.0,219.0,85.0,2.0,16.0,0.0,2.0,15.0,4.0,10.0,3.0,54.0,101.0,39.0,60.0,15.0
94.3,113.0,250.0,60.0,0.0,32.0,0.0,0.0,39.0,5.0,44.0,6.0,40.0,138.0,59.0,87.0,39.0
94.4,116.0,234.0,55.0,0.0,27.0,0.0,1.0,50.0,29.0,80.0,5.0,80.0,183.0,38.0,177.0,50.0
94.5,101.0,147.0,93.0,0.0,9.0,0.0,10.0,29.0,106.0,60.0,2.0,148.0,370.0,12.0,227.0,29.0
94.6,138.0,62.0,179.0,0.0,1.0,0.0,61.0,9.0,217.0,19.0,1.0,127.0,605.0,9.0,161.0,9.0
94.7,221.0,39.0,203.0,0.0,0.0,0.0,162.0,5.0,215.0,2.0,0.0,47.0,778.0,19.0,84.0,5.0
94.8,232.0,38.0,137.0,0.0,0.0,0.0,184.0,10.0,95.0,0.0,0.0,7.0,998.0,40.0,79.0,10.0
94.9,143.0,46.0,60.0,0.0,0.0,0.0,91.0,20.0,19.0,0.0,1.0,0.0,1018.0,58.0,96.0,20.0
95.0,66.0,67.0,28.0,0.0,0.0,0.0,31.0,59.0,2.0,0.0,3.0,0.0,625.0,46.0,79.0,59.0
95.1,79.0,84.0,75.0,0.0,2.0,0.0,40.0,161.0,2.0,0.0,10.0,1.0,200.0,34.0,51.0,161.0
95.2,172.0,109.0,167.0,2.0,9.0,0.0,85.0,250.0,22.0,0.0,12.0,3.0,53.0,34.0,42.0,250.0
95.3,223.0,168.0,164.0,7.0,19.0,0.0,128.0,187.0,119.0,0.0,9.0,3.0,86.0,21.0,44.0,187.0
95.4,165.0,185.0,77.0,23.0,16.0,0.0,110.0,68.0,268.0,2.0,10.0,1.0,148.0,7.0,53.0,68.0
95.5,143.0,150.0,54.0,116.0,6.0,0.0,61.0,35.0,254.0,12.0,17.0,1.0,131.0,4.0,48.0,35.0
95.6,160.0,147.0,152.0,408.0,1.0,0.0,35.0,82.0,101.0,38.0,17.0,7.0,62.0,4.0,27.0,82.0
95.7,126.0,179.0,256.0,645.0,0.0,0.0,20.0,165.0,18.0,48.0,8.0,47.0,20.0,5.0,19.0,165.0
95.8,86.0,268.0,197.0,440.0,0.0,0.0,11.0,180.0,10.0,31.0,6.0,137.0,40.0,13.0,23.0,180.0
95.9,109.0,346.0,131.0,131.0,0.0,0.0,9.0,115.0,42.0,41.0,14.0,169.0,178.0,20.0,34.0,115.0
96.0,152.0,310.0,210.0,17.0,0.0,0.0,7.0,57.0,89.0,107.0,19.0,88.0,381.0,18.0,46.0,57.0
96.1,148.0,190.0,262.0,22.0,0.0,0.0,3.0,24.0,85.0,139.0,13.0,22.0,394.0,15.0,78.0,24.0
96.2,155.0,90.0,232.0,161.0,0.0,0.0,4.0,10.0,37.0,81.0,12.0,17.0,225.0,20.0,151.0,10.0
96.3,180.0,52.0,220.0,505.0,0.0,0.0,6.0,5.0,10.0,56.0,25.0,44.0,84.0,42.0,188.0,5.0
96.4,132.0,47.0,150.0,673.0,0.0,0.0,6.0,8.0,17.0,130.0,31.0,55.0,45.0,62.0,163.0,8.0
96.5,62.0,41.0,81.0,381.0,0.0,0.0,8.0,11.0,36.0,195.0,18.0,31.0,115.0,42.0,134.0,11.0
96.6,73.0,22.0,86.0,96.0,0.0,0.0,16.0,10.0,38.0,131.0,9.0,16.0,223.0,13.0,124.0,10.0
96.7,141.0,8.0,79.0,50.0,0.0,0.0,22.0,10.0,43.0,39.0,43.0,22.0,256.0,2.0,138.0,10.0
96.8,182.0,9.0,62.0,197.0,0.0,0.0,20.0,20.0,71.0,5.0,170.0,31.0,245.0,1.0,130.0,20.0
96.9,167.0,31.0,85.0,437.0,0.0,0.0,13.0,32.0,79.0,0.0,295.0,65.0,249.0,4.0,80.0,32.0
97.0,142.0,87.0,132.0,425.0,0.0,0.0,7.0,35.0,86.0,0.0,230.0,124.0,285.0,12.0,51.0,35.0
97.1,171.0,167.0,252.0,179.0,4.0,0.0,7.0,28.0,128.0,0.0,83.0,137.0,263.0,15.0,72.0,28.0
97.2,175.0,256.0,392.0,33.0,22.0,0.0,10.0,20.0,136.0,5.0,15.0,83.0,184.0,10.0,89.0,20.0
97.3,94.0,288.0,305.0,3.0,50.0,0.0,17.0,16.0,78.0,32.0,5.0,26.0,208.0,6.0,61.0,16.0
97.4,30.0,266.0,121.0,0.0,48.0,0.0,24.0,13.0,23.0,83.0,9.0,4.0,300.0,14.0,27.0,13.0
97.5,38.0,246.0,81.0,0.0,20.0,0.0,31.0,11.0,3.0,95.0,9.0,1.0,262.0,36.0,14.0,11.0
97.6,80.0,193.0,152.0,2.0,4.0,0.0,53.0,15.0,0.0,46.0,8.0,5.0,124.0,53.0,20.0,15.0
97.7,82.0,159.0,187.0,10.0,0.0,0.0,64.0,20.0,0.0,10.0,31.0,26.0,109.0,68.0,42.0,20.0
97.8,39.0,209.0,132.0,34.0,0.0,1.0,37.0,31.0,0.0,1.0,80.0,61.0,273.0,109.0,71.0,31.0
97.9,13.0,288.0,115.0,88.0,0.0,7.0,10.0,40.0,0.0,1.0,92.0,62.0,501.0,152.0,84.0,40.0
98.0,9.0,339.0,155.0,122.0,0.0,20.0,2.0,28.0,0.0,7.0,46.0,28.0,620.0,159.0,70.0,28.0
98.1,24.0,282.0,224.0,78.0,1.0,24.0,7.0,17.0,0.0,19.0,10.0,5.0,486.0,121.0,56.0,17.0
98.2,80.0,135.0,286.0,31.0,4.0,13.0,14.0,25.0,0.0,30.0,1.0,1.0,213.0,59.0,73.0,25.0
98.3,167.0,34.0,245.0,52.0,11.0,3.0,16.0,32.0,0.0,38.0,1.0,0.0,79.0,16.0,78.0,32.0
98.4,206.0,8.0,240.0,106.0,11.0,1.0,12.0,24.0,0.0,30.0,7.0,0.0,107.0,6.0,57.0,24.0
98.5,174.0,12.0,320.0,99.0,5.0,4.0,10.0,11.0,0.0,19.0,27.0,0.0,141.0,15.0,39.0,11.0
98.6,117.0,26.0,326.0,50.0,1.0,23.0,7.0,6.0,0.0,26.0,50.0,0.0,118.0,27.0,41.0,6.0
98.7,56.0,86.0,241.0,85.0,0.0,60.0,8.0,15.0,1.0,34.0,64.0,0.0,78.0,25.0,51.0,15.0
98.8,30.0,228.0,170.0,305.0,0.0,68.0,17.0,33.0,10.0,43.0,90.0,0.0,56.0,15.0,41.0,33.0
98.9,26.0,354.0,181.0,522.0,0.0,34.0,29.0,41.0,59.0,55.0,115.0,0.0,100.0,18.0,29.0,41.0
99.0,24.0,373.0,213.0,401.0,0.0,7.0,25.0,46.0,164.0,51.0,125.0,1.0,238.0,35.0,38.0,46.0
99.1,50.0,388.0,199.0,185.0,1.0,1.0,10.0,73.0,198.0,33.0,131.0,8.0,375.0,46.0,44.0,73.0
99.2,114.0,433.0,225.0,198.0,6.0,0.0,2.0,93.0,106.0,13.0,108.0,46.0,347.0,36.0,35.0,93.0
99.3,141.0,388.0,311.0,262.0,17.0,2.0,1.0,60.0,25.0,3.0,59.0,120.0,206.0,28.0,23.0,60.0
99.4,105.0,287.0,475.0,170.0,19.0,17.0,5.0,18.0,3.0,0.0,30.0,138.0,94.0,48.0,19.0,18.0
99.5,97.0,266.0,693.0,55.0,10.0,74.0,12.0,2.0,3.0,3.0,26.0,71.0,73.0,72.0,37.0,2.0
99.6,132.0,331.0,599.0,19.0,2.0,145.0,17.0,0.0,24.0,23.0,20.0,16.0,162.0,78.0,73.0,0.0
99.7,119.0,385.0,292.0,12.0,0.0,126.0,22.0,3.0,75.0,74.0,14.0,2.0,264.0,64.0,95.0,3.0
99.8,67.0,343.0,146.0,14.0,0.0,49.0,35.0,19.0,106.0,114.0,21.0,0.0,267.0,34.0,86.0,19.0
99.9,75.0,213.0,167.0,17.0,0.0,8.0,49.0,64.0,71.0,101.0,25.0,0.0,202.0,12.0,68.0,64.0
100.0,147.0,119.0,262.0,15.0,0.0,1.0,52.0,116.0,24.0,70.0,14.0,0.0,130.0,7.0,71.0,116.0
100.1,163.0,135.0,347.0,25.0,4.0,0.0,59.0,119.0,5.0,37.0,4.0,0.0,110.0,11.0,72.0,119.0
100.2,104.0,198.0,341.0,65.0,28.0,0.0,65.0,100.0,0.0,12.0,0.0,4.0,163.0,22.0,66.0,100.0
100.3,77.0,217.0,378.0,109.0,82.0,0.0,69.0,105.0,0.0,3.0,0.0,24.0,264.0,50.0,66.0,105.0
100.4,110.0,235.0,432.0,99.0,105.0,0.0,91.0,93.0,3.0,0.0,0.0,67.0,357.0,72.0,56.0,93.0
100.5,184.0,293.0,326.0,65.0,61.0,0.0,101.0,58.0,14.0,0.0,0.0,82.0,358.0,51.0,46.0,58.0
100.6,279.0,354.0,213.0,43.0,16.0,0.0,93.0,34.0,27.0,0.0,1.0,45.0,285.0,24.0,74.0,34.0
100.7,287.0,403.0,196.0,19.0,2.0,0.0,90.0,44.0,34.0,0.0,4.0,11.0,254.0,22.0,105.0,44.0
100.8,216.0,321.0,191.0,4.0,0.0,0.0,84.0,60.0,33.0,0.0,15.0,2.0,230.0,27.0,81.0,60.0
100.9,175.0,177.0,140.0,0.0,0.0,0.0,55.0,60.0,21.0,0.0,25.0,5.0,124.0,31.0,54.0,60.0
101.0,146.0,127.0,76.0,1.0,0.0,0.0,20.0,101.0,9.0,0.0,20.0,18.0,33.0,54.0,71.0,101.0
101.1,130.0,132.0,51.0,4.0,6.0,0.0,4.0,180.0,13.0,0.0,10.0,29.0,4.0,68.0,75.0,180.0
101.2,151.0,166.0,69.0,13.0,44.0,0.0,1.0,171.0,28.0,0.0,9.0,22.0,2.0,53.0,41.0,171.0
101.3,166.0,210.0,74.0,19.0,141.0,0.0,1.0,80.0,30.0,0.0,7.0,11.0,12.0,48.0,17.0,80.0
101.4,145.0,219.0,42.0,15.0,208.0,0.0,2.0,20.0,15.0,0.0,4.0,11.0,52.0,51.0,21.0,20.0
101.5,124.0,159.0,19.0,23.0,140.0,0.0,4.0,3.0,9.0,0.0,3.0,13.0,133.0,42.0,39.0,3.0
101.6,163.0,71.0,22.0,64.0,43.0,0.0,10.0,2.0,25.0,1.0,5.0,8.0,230.0,31.0,61.0,2.0
101.7,261.0,30.0,29.0,93.0,6.0,0.0,16.0,6.0,47.0,6.0,5.0,3.0,260.0,24.0,87.0,6.0
101.8,294.0,29.0,24.0,63.0,0.0,0.0,21.0,12.0,40.0,27.0,2.0,9.0,175.0,32.0,92.0,12.0
101.9,190.0,32.0,12.0,20.0,0.0,0.0,20.0,15.0,16.0,54.0,1.0,27.0,77.0,40.0,58.0,15.0
102.0,73.0,33.0,15.0,3.0,0.0,0.0,11.0,10.0,6.0,53.0,5.0,39.0,71.0,29.0,49.0,10.0
102.1,29.0,50.0,50.0,1.0,1.0,0.0,5.0,4.0,19.0,47.0,24.0,31.0,125.0,12.0,113.0,4.0
102.2,31.0,77.0,99.0,9.0,7.0,0.0,5.0,5.0,64.0,95.0,71.0,31.0,167.0,4.0,189.0,5.0
102.3,33.0,82.0,106.0,46.0,28.0,0.0,6.0,13.0,108.0,142.0,108.0,61.0,216.0,3.0,185.0,13.0
102.4,24.0,59.0,73.0,149.0,48.0,0.0,6.0,19.0,103.0,104.0,82.0,75.0,259.0,7.0,129.0,19.0
102.5,10.0,35.0,38.0,408.0,38.0,0.0,10.0,21.0,72.0,38.0,30.0,44.0,262.0,10.0,88.0,21.0
102.6,3.0,33.0,28.0,795.0,14.0,0.0,11.0,22.0,55.0,11.0,6.0,12.0,285.0,7.0,88.0,22.0
102.7,6.0,38.0,36.0,824.0,2.0,0.0,13.0,17.0,36.0,9.0,3.0,2.0,259.0,2.0,103.0,17.0
102.8,23.0,36.0,31.0,409.0,0.0,0.0,24.0,11.0,13.0,7.0,8.0,0.0,194.0,1.0,81.0,11.0
102.9,64.0,34.0,19.0,95.0,0.0,2.0,35.0,17.0,2.0,8.0,12.0,4.0,227.0,2.0,47.0,17.0
103.0,100.0,44.0,35.0,10.0,0.0,16.0,33.0,39.0,0.0,17.0,12.0,14.0,298.0,12.0,39.0,39.0
103.1,80.0,48.0,77.0,3.0,0.0,63.0,20.0,71.0,0.0,33.0,17.0,25.0,249.0,31.0,34.0,71.0
103.2,49.0,36.0,86.0,26.0,2.0,118.0,19.0,79.0,0.0,41.0,41.0,30.0,112.0,46.0,19.0,79.0
103.3,61.0,34.0,49.0,103.0,9.0,103.0,42.0,52.0,0.0,31.0,64.0,35.0,26.0,45.0,12.0,52.0
103.4,106.0,50.0,28.0,188.0,19.0,50.0,62.0,41.0,0.0,12.0,58.0,35.0,17.0,29.0,20.0,41.0
103.5,171.0,83.0,58.0,161.0,19.0,62.0,47.0,76.0,2.0,2.0,36.0,19.0,70.0,13.0,34.0,76.0
103.6,245.0,131.0,119.0,66.0,8.0,185.0,28.0,101.0,15.0,0.0,32.0,5.0,165.0,6.0,44.0,101.0
103.7,284.0,157.0,161.0,41.0,2.0,295.0,30.0,69.0,57.0,0.0,37.0,1.0,190.0,5.0,60.0,69.0
103.8,240.0,157.0,199.0,190.0,0.0,223.0,28.0,28.0,102.0,0.0,25.0,0.0,128.0,5.0,67.0,28.0
103.9,157.0,142.0,250.0,595.0,0.0,80.0,22.0,20.0,86.0,0.0,9.0,0.0,121.0,4.0,48.0,20.0
104.0,108.0,97.0,213.0,896.0,0.0,13.0,30.0,29.0,35.0,0.0,4.0,4.0,196.0,6.0,34.0,29.0
104.1,104.0,51.0,102.0,656.0,0.0,1.0,66.0,41.0,8.0,0.0,4.0,23.0,265.0,21.0,36.0,41.0
104.2,142.0,38.0,33.0,285.0,0.0,0.0,114.0,57.0,7.0,1.0,5.0,58.0,272.0,51.0,36.0,57.0
104.3,194.0,51.0,16.0,210.0,0.0,3.0,123.0,61.0,15.0,5.0,5.0,70.0,207.0,67.0,32.0,61.0
104.4,174.0,60.0,25.0,242.0,0.0,18.0,87.0,59.0,23.0,9.0,4.0,40.0,118.0,56.0,39.0,59.0
104.5,103.0,71.0,62.0,160.0,0.0,58.0,45.0,92.0,47.0,8.0,3.0,11.0,73.0,44.0,60.0,92.0
104.6,92.0,136.0,115.0,56.0,0.0,90.0,24.0,148.0,97.0,10.0,3.0,4.0,77.0,39.0,77.0,148.0
104.7,151.0,224.0,139.0,26.0,0.0,66.0,32.0,172.0,113.0,33.0,15.0,20.0,84.0,29.0,64.0,172.0
104.8,212.0,221.0,111.0,38.0,0.0,23.0,47.0,150.0,67.0,83.0,46.0,74.0,77.0,27.0,36.0,150.0
104.9,198.0,156.0,92.0,39.0,0.0,4.0,38.0,113.0,40.0,100.0,72.0,136.0,60.0,44.0,18.0,113.0
105.0,112.0,123.0,130.0,29.0,0.0,0.0,18.0,85.0,73.0,58.0,56.0,124.0,42.0,55.0,14.0,85.0
105.1,56.0,109.0,179.0,51.0,1.0,0.0,7.0,54.0,110.0,16.0,30.0,58.0,43.0,41.0,14.0,54.0
105.2,70.0,87.0,191.0,108.0,8.0,1.0,2.0,27.0,88.0,2.0,39.0,14.0,129.0,18.0,17.0,27.0
105.3,108.0,62.0,155.0,121.0,49.0,8.0,1.0,26.0,38.0,0.0,61.0,2.0,330.0,6.0,32.0,26.0
105.4,108.0,46.0,116.0,70.0,156.0,23.0,2.0,37.0,9.0,2.0,51.0,0.0,526.0,2.0,56.0,37.0
105.5,71.0,57.0,123.0,29.0,239.0,32.0,7.0,28.0,1.0,9.0,26.0,1.0,602.0,0.0,68.0,28.0
105.6,48.0,98.0,169.0,16.0,178.0,21.0,19.0,12.0,0.0,21.0,17.0,3.0,572.0,2.0,61.0,12.0
105.7,54.0,140.0,229.0,7.0,64.0,7.0,32.0,9.0,0.0,23.0,17.0,9.0,474.0,9.0,55.0,9.0
105.8,80.0,132.0,274.0,2.0,11.0,1.0,34.0,19.0,0.0,14.0,12.0,12.0,447.0,23.0,61.0,19.0
105.9,110.0,82.0,230.0,1.0,1.0,0.0,32.0,26.0,0.0,10.0,5.0,9.0,488.0,29.0,72.0,26.0
106.0,124.0,62.0,112.0,15.0,0.0,0.0,31.0,23.0,0.0,28.0,3.0,5.0,463.0,20.0,63.0,23.0
106.1,146.0,100.0,30.0,104.0,0.0,0.0,23.0,15.0,0.0,81.0,14.0,2.0,338.0,7.0,42.0,15.0
106.2,183.0,148.0,13.0,360.0,0.0,0.0,23.0,18.0,0.0,132.0,56.0,1.0,198.0,5.0,41.0,18.0
106.3,170.0,148.0,38.0,649.0,2.0,0.0,40.0,39.0,0.0,111.0,147.0,0.0,106.0,11.0,60.0,39.0
106.4,101.0,106.0,119.0,630.0,7.0,0.0,49.0,61.0,0.0,67.0,228.0,0.0,90.0,16.0,72.0,61.0
106.5,44.0,89.0,276.0,337.0,14.0,0.0,34.0,57.0,0.0,62.0,191.0,0.0,152.0,16.0,72.0,57.0
106.6,35.0,154.0,418.0,100.0,14.0,1.0,23.0,36.0,0.0,56.0,85.0,0.0,274.0,15.0,77.0,36.0
106.7,48.0,290.0,432.0,18.0,7.0,1.0,28.0,24.0,0.0,28.0,36.0,0.0,384.0,14.0,79.0,24.0
106.8,49.0,375.0,345.0,4.0,2.0,1.0,39.0,38.0,3.0,12.0,58.0,1.0,350.0,23.0,67.0,38.0
106.9,54.0,291.0,225.0,5.0,0.0,0.0,53.0,70.0,10.0,25.0,83.0,2.0,198.0,47.0,54.0,70.0
107.0,82.0,146.0,161.0,8.0,0.0,0.0,65.0,99.0,16.0,55.0,62.0,3.0,93.0,73.0,52.0,99.0
107.1,105.0,99.0,169.0,6.0,0.0,0.0,59.0,117.0,13.0,61.0,23.0,5.0,116.0,81.0,54.0,117.0
107.2,116.0,156.0,172.0,4.0,0.0,0.0,41.0,127.0,6.0,35.0,4.0,15.0,225.0,75.0,52.0,127.0
107.3,132.0,240.0,160.0,19.0,1.0,0.0,33.0,114.0,6.0,11.0,0.0,36.0,308.0,62.0,49.0,114.0
107.4,137.0,272.0,121.0,102.0,4.0,0.0,32.0,75.0,26.0,3.0,1.0,47.0,301.0,45.0,41.0,75.0
107.5,135.0,230.0,59.0,282.0,11.0,0.0,22.0,60.0,76.0,2.0,6.0,37.0,228.0,29.0,26.0,60.0
107.6,157.0,171.0,20.0,395.0,14.0,1.0,8.0,77.0,122.0,1.0,33.0,39.0,157.0,21.0,20.0,77.0
107.7,161.0,146.0,13.0,281.0,9.0,8.0,2.0,75.0,109.0,0.0,87.0,58.0,209.0,20.0,26.0,75.0
107.8,120.0,130.0,25.0,102.0,3.0,51.0,1.0,42.0,55.0,0.0,118.0,56.0,390.0,23.0,48.0,42.0
107.9,82.0,98.0,65.0,19.0,1.0,161.0,2.0,18.0,16.0,0.0,83.0,27.0,497.0,23.0,93.0,18.0
108.0,77.0,69.0,133.0,2.0,0.0,256.0,3.0,16.0,3.0,1.0,46.0,7.0,405.0,26.0,128.0,16.0
108.1,91.0,65.0,164.0,2.0,0.0,205.0,2.0,21.0,0.0,5.0,75.0,1.0,216.0,34.0,119.0,21.0
108.2,98.0,95.0,125.0,3.0,0.0,83.0,1.0,22.0,0.0,14.0,143.0,0.0,90.0,35.0,101.0,22.0
108.3,96.0,128.0,97.0,2.0,4.0,17.0,0.0,19.0,0.0,24.0,156.0,0.0,67.0,28.0,95.0,19.0
108.4,116.0,134.0,127.0,1.0,30.0,2.0,1.0,16.0,1.0,25.0,122.0,1.0,74.0,27.0,80.0,16.0
108.5,163.0,128.0,174.0,1.0,111.0,0.0,2.0,14.0,11.0,20.0,118.0,1.0,79.0,36.0,63.0,14.0
108.6,205.0,120.0,165.0,9.0,207.0,0.0,7.0,12.0,46.0,20.0,111.0,1.0,147.0,38.0,51.0,12.0
108.7,209.0,117.0,97.0,40.0,196.0,0.0,14.0,8.0,98.0,20.0,64.0,0.0,285.0,35.0,41.0,8.0
108.8,160.0,107.0,51.0,98.0,95.0,1.0,22.0,4.0,107.0,12.0,21.0,0.0,343.0,44.0,30.0,4.0
108.9,97.0,77.0,59.0,127.0,23.0,5.0,20.0,5.0,61.0,4.0,4.0,0.0,232.0,49.0,27.0,5.0
109.0,74.0,47.0,88.0,90.0,3.0,25.0,10.0,14.0,24.0,1.0,0.0,0.0,108.0,34.0,25.0,14.0
109.1,95.0,35.0,99.0,43.0,0.0,67.0,3.0,26.0,18.0,0.0,4.0,0.0,118.0,17.0,16.0,26.0
109.2,107.0,45.0,71.0,20.0,0.0,120.0,1.0,30.0,18.0,0.0,26.0,1.0,218.0,8.0,8.0,30.0
109.3,82.0,75.0,33.0,11.0,1.0,190.0,1.0,23.0,11.0,0.0,101.0,9.0,255.0,8.0,6.0,23.0
109.4,70.0,120.0,12.0,14.0,6.0,249.0,2.0,12.0,9.0,0.0,203.0,32.0,179.0,15.0,10.0,12.0
109.5,104.0,145.0,10.0,44.0,31.0,202.0,9.0,7.0,24.0,0.0,217.0,60.0,118.0,18.0,21.0,7.0
109.6,142.0,127.0,36.0,99.0,83.0,88.0,21.0,6.0,48.0,0.0,152.0,62.0,162.0,12.0,49.0,6.0
109.7,136.0,114.0,90.0,190.0,114.0,20.0,32.0,5.0,50.0,2.0,132.0,37.0,263.0,4.0,101.0,5.0
109.8,114.0,150.0,130.0,356.0,82.0,2.0,37.0,9.0,27.0,7.0,145.0,17.0,337.0,5.0,145.0,9.0
109.9,104.0,180.0,146.0,485.0,30.0,0.0,50.0,22.0,8.0,15.0,121.0,14.0,324.0,21.0,144.0,22.0
110.0,94.0,140.0,169.0,395.0,6.0,0.0,74.0,34.0,2.0,28.0,90.0,24.0,248.0,53.0,105.0,34.0
110.1,0.0,0.0,0.0,0.0,0.0,0.0,0.0,0.0,0.0,0.0,0.0,0.0,0.0,0.0,0.0,0.0
110.2,0.0,0.0,0.0,0.0,0.0,0.0,0.0,0.0,0.0,0.0,0.0,0.0,0.0,0.0,0.0,0.0
110.3,0.0,0.0,0.0,0.0,0.0,0.0,0.0,0.0,0.0,0.0,0.0,0.0,0.0,0.0,0.0,0.0
110.4,0.0,0.0,0.0,0.0,0.0,0.0,0.0,0.0,0.0,0.0,0.0,0.0,0.0,0.0,0.0,0.0
110.5,0.0,0.0,0.0,0.0,0.0,0.0,0.0,0.0,0.0,0.0,0.0,0.0,0.0,0.0,0.0,0.0
110.6,0.0,0.0,0.0,0.0,0.0,0.0,0.0,0.0,0.0,0.0,0.0,0.0,0.0,0.0,0.0,0.0
110.7,0.0,0.0,0.0,0.0,0.0,0.0,0.0,0.0,0.0,0.0,0.0,0.0,0.0,0.0,0.0,0.0
110.8,0.0,0.0,0.0,0.0,0.0,0.0,0.0,0.0,0.0,0.0,0.0,0.0,0.0,0.0,0.0,0.0
110.9,0.0,0.0,0.0,0.0,0.0,0.0,0.0,0.0,0.0,0.0,0.0,0.0,0.0,0.0,0.0,0.0
